-- MySQL dump 10.13  Distrib 5.7.23, for macos10.13 (x86_64)
--
-- Host: 10.0.0.242    Database: sys_jw
-- ------------------------------------------------------
-- Server version	5.7.44

/*!40101 SET @OLD_CHARACTER_SET_CLIENT=@@CHARACTER_SET_CLIENT */;
/*!40101 SET @OLD_CHARACTER_SET_RESULTS=@@CHARACTER_SET_RESULTS */;
/*!40101 SET @OLD_COLLATION_CONNECTION=@@COLLATION_CONNECTION */;
/*!40101 SET NAMES utf8 */;
/*!40103 SET @OLD_TIME_ZONE=@@TIME_ZONE */;
/*!40103 SET TIME_ZONE='+00:00' */;
/*!40014 SET @OLD_UNIQUE_CHECKS=@@UNIQUE_CHECKS, UNIQUE_CHECKS=0 */;
/*!40014 SET @OLD_FOREIGN_KEY_CHECKS=@@FOREIGN_KEY_CHECKS, FOREIGN_KEY_CHECKS=0 */;
/*!40101 SET @OLD_SQL_MODE=@@SQL_MODE, SQL_MODE='NO_AUTO_VALUE_ON_ZERO' */;
/*!40111 SET @OLD_SQL_NOTES=@@SQL_NOTES, SQL_NOTES=0 */;

--
-- Table structure for table `l_estado_pedido`
--

DROP TABLE IF EXISTS `l_estado_pedido`;
/*!40101 SET @saved_cs_client     = @@character_set_client */;
/*!40101 SET character_set_client = utf8 */;
CREATE TABLE `l_estado_pedido` (
  `Id` int(10) unsigned NOT NULL AUTO_INCREMENT,
  `Descricao` varchar(45) NOT NULL,
  PRIMARY KEY (`Id`)
) ENGINE=InnoDB AUTO_INCREMENT=5 DEFAULT CHARSET=utf8mb4;
/*!40101 SET character_set_client = @saved_cs_client */;

--
-- Dumping data for table `l_estado_pedido`
--

LOCK TABLES `l_estado_pedido` WRITE;
/*!40000 ALTER TABLE `l_estado_pedido` DISABLE KEYS */;
INSERT INTO `l_estado_pedido` VALUES (1,'Pendente'),(2,'Enviado Email'),(3,'Requisitado'),(4,'Fornecido');
/*!40000 ALTER TABLE `l_estado_pedido` ENABLE KEYS */;
UNLOCK TABLES;

--
-- Table structure for table `l_form_order`
--

DROP TABLE IF EXISTS `l_form_order`;
/*!40101 SET @saved_cs_client     = @@character_set_client */;
/*!40101 SET character_set_client = utf8 */;
CREATE TABLE `l_form_order` (
  `Id` int(10) unsigned NOT NULL AUTO_INCREMENT,
  `Referencia` varchar(45) NOT NULL,
  `Linha` int(10) unsigned NOT NULL,
  PRIMARY KEY (`Id`)
) ENGINE=InnoDB AUTO_INCREMENT=82 DEFAULT CHARSET=utf8mb4;
/*!40101 SET character_set_client = @saved_cs_client */;

--
-- Dumping data for table `l_form_order`
--

LOCK TABLES `l_form_order` WRITE;
/*!40000 ALTER TABLE `l_form_order` DISABLE KEYS */;
INSERT INTO `l_form_order` VALUES (1,'nwt',1),(2,'nwtls',3),(3,'nwtpkt',2),(4,'bhs',21),(6,'inv',4),(8,'lf',9),(9,'lffi',10),(10,'ll',11),(11,'lvs',34),(12,'T-30',12),(13,'T-31',13),(14,'T-32',14),(15,'T-33',15),(16,'T-34',16),(17,'T-35',17),(18,'T-36',18),(19,'T-37',19),(20,'be',20),(22,'bt',22),(23,'cf',23),(24,'cl',24),(26,'fy',25),(28,'ia',26),(29,'ip-1',27),(30,'ip-2',28),(36,'jr',29),(37,'jy',30),(38,'kr',31),(39,'lfb',32),(40,'lr',33),(43,'od',35),(45,'rr',36),(47,'sjjyls',39),(48,'sjj',37),(49,'yp1',40),(50,'yp2',41),(51,'bm',43),(52,'fg',45),(53,'ed',44),(54,'gf',46),(55,'jl',50),(56,'hf',48),(57,'hl',49),(58,'la',51),(59,'lc',52),(60,'ld',53),(61,'lf',54),(62,'mb',55),(63,'ol',56),(64,'pc',57),(65,'ph',58),(66,'wfg',63),(67,'rj',59),(68,'rk',60),(69,'sp',61),(70,'th',62),(72,'wj',64),(73,'yc',65),(74,'ypq',66),(76,'jwcd10',8),(77,'jwcd9',7),(78,'jwcd1',5),(79,'jwcd4',6),(80,'S-24',68),(81,'S-4',69);
/*!40000 ALTER TABLE `l_form_order` ENABLE KEYS */;
UNLOCK TABLES;

--
-- Table structure for table `l_grupos`
--

DROP TABLE IF EXISTS `l_grupos`;
/*!40101 SET @saved_cs_client     = @@character_set_client */;
/*!40101 SET character_set_client = utf8 */;
CREATE TABLE `l_grupos` (
  `Id` int(11) NOT NULL AUTO_INCREMENT,
  `Nome` varchar(50) DEFAULT NULL,
  `IdResponsavel` int(11) DEFAULT NULL,
  `IdAjudante` int(11) DEFAULT NULL,
  `timestamp` timestamp NOT NULL DEFAULT CURRENT_TIMESTAMP,
  PRIMARY KEY (`Id`)
) ENGINE=InnoDB AUTO_INCREMENT=9 DEFAULT CHARSET=utf8mb4;
/*!40101 SET character_set_client = @saved_cs_client */;

--
-- Dumping data for table `l_grupos`
--

LOCK TABLES `l_grupos` WRITE;
/*!40000 ALTER TABLE `l_grupos` DISABLE KEYS */;
INSERT INTO `l_grupos` VALUES (1,'Grupo 1',36,53,'2023-04-07 00:56:26'),(2,'Grupo 2',7,33,'2023-04-07 00:56:26'),(3,'Grupo 3',79,49,'2023-04-07 00:56:26'),(4,'Grupo 4',9,54,'2023-04-07 00:56:26'),(5,'Grupo 5',55,75,'2023-04-07 00:56:26'),(6,'Grupo 6',50,41,'2023-04-07 00:56:26'),(7,'Grupo 7',70,26,'2023-04-07 00:56:26');
/*!40000 ALTER TABLE `l_grupos` ENABLE KEYS */;
UNLOCK TABLES;

--
-- Table structure for table `l_img`
--

DROP TABLE IF EXISTS `l_img`;
/*!40101 SET @saved_cs_client     = @@character_set_client */;
/*!40101 SET character_set_client = utf8 */;
CREATE TABLE `l_img` (
  `id` int(10) unsigned NOT NULL AUTO_INCREMENT,
  `Referencia` varchar(45) NOT NULL,
  `Caminho` varchar(250) NOT NULL,
  `timestamp` timestamp NOT NULL DEFAULT CURRENT_TIMESTAMP,
  PRIMARY KEY (`id`)
) ENGINE=InnoDB AUTO_INCREMENT=69 DEFAULT CHARSET=utf8mb4;
/*!40101 SET character_set_client = @saved_cs_client */;

--
-- Dumping data for table `l_img`
--

LOCK TABLES `l_img` WRITE;
/*!40000 ALTER TABLE `l_img` DISABLE KEYS */;
INSERT INTO `l_img` VALUES (9,'mwb','mwb_638344472004802017.jpg','2023-11-01 14:53:20'),(13,'w','w_638344472488302294.jpg','2023-11-01 14:54:08'),(14,'lc','lc_638344472635752205.jpg','2023-11-01 14:54:23'),(15,'rr','rr_638344472753740530.jpg','2023-11-01 14:54:35'),(16,'lf','lf_638344580804053695.jpeg','2023-11-01 17:54:40'),(17,'fg','fg_638344581122951961.jpeg','2023-11-01 17:55:12'),(18,'yc','yc_638344581329623266.jpeg','2023-11-01 17:55:32'),(19,'ld','ld_638344581438133764.jpeg','2023-11-01 17:55:43'),(20,'ll','ll_638344581516454508.jpeg','2023-11-01 17:55:51'),(21,'th','th_638344581684261365.jpeg','2023-11-01 17:56:08'),(22,'lvlp','lvlp_638344581758929638.jpeg','2023-11-01 17:56:15'),(23,'bm','bm_638344581884959264.jpeg','2023-11-01 17:56:28'),(24,'ypq','ypq_638344582014955908.jpeg','2023-11-01 17:56:41'),(25,'lffi','lffi_638344582146174120.jpeg','2023-11-01 17:56:54'),(26,'hf','hf_638344582294262169.jpeg','2023-11-01 17:57:09'),(27,'rj','rj_638344582377071291.jpeg','2023-11-01 17:57:17'),(28,'jl','jl_638344582604922095.jpeg','2023-11-01 17:57:40'),(29,'mb','mb_638344582756288317.jpeg','2023-11-01 17:57:55'),(30,'T-30','T-30_638344583094413516.jpeg','2023-11-01 17:58:29'),(31,'T-36','T-36_638344583230616583.jpeg','2023-11-01 17:58:43'),(32,'T-31','T-31_638344583307163413.jpeg','2023-11-01 17:58:50'),(33,'T-32','T-32_638344583389511376.jpeg','2023-11-01 17:58:58'),(34,'T-33','T-33_638344583489664081.jpeg','2023-11-01 17:59:08'),(35,'T-37','T-37_638344583572750171.jpeg','2023-11-01 17:59:17'),(36,'T-35','T-35_638344583652431495.jpeg','2023-11-01 17:59:25'),(37,'T-34','T-34_638344583747391174.jpeg','2023-11-01 17:59:34'),(38,'nwt','nwt_638344584154828158.jpeg','2023-11-01 18:00:15'),(39,'nwtpkt','nwtpkt_638344584199063531.jpeg','2023-11-01 18:00:19'),(40,'nwtls','nwtls_638344584253127772.jpeg','2023-11-01 18:00:25'),(41,'lv','lv_638344584958737880.jpeg','2023-11-01 18:01:35'),(42,'lfb','lfb_638344585276701128.jpeg','2023-11-01 18:02:07'),(43,'bt','bt_638344585501959133.jpeg','2023-11-01 18:02:30'),(44,'jd','jd_638344585566598069.jpeg','2023-11-01 18:02:36'),(45,'jr','jr_638344585682157105.jpeg','2023-11-01 18:02:48'),(47,'lvs','lvs_638344586030835793.jpeg','2023-11-01 18:03:23'),(48,'bhs','bhs_638344586173603258.jpeg','2023-11-01 18:03:37'),(49,'bh','bh_638344586276952543.jpeg','2023-11-01 18:03:47'),(50,'kr','kr_638344586557307145.jpeg','2023-11-01 18:04:15'),(51,'krlpi','krlpi_638344586677878450.jpeg','2023-11-01 18:04:27'),(52,'cf','cf_638344586783139973.jpeg','2023-11-01 18:04:38'),(53,'yp1','yp1_638344586934593680.jpeg','2023-11-01 18:04:53'),(54,'yp2','yp2_638344587061120593.jpeg','2023-11-01 18:05:06'),(55,'lff','lff_638344587526360604.jpeg','2023-11-01 18:05:52'),(56,'wfg','wfg_638344587681729860.jpeg','2023-11-01 18:06:08'),(57,'od','od_638344587889528189.jpeg','2023-11-01 18:06:28'),(58,'inv','inv_638344588464248237.jpeg','2023-11-01 18:07:26'),(59,'we','we_638344589146635640.jpeg','2023-11-01 18:08:34'),(60,'la','la_638344589250236729.jpeg','2023-11-01 18:08:45'),(61,'sp','sp_638344589492506296.jpeg','2023-11-01 18:09:09'),(62,'sjj','sjj_638344590505543755.jpeg','2023-11-01 18:10:50'),(63,'sjjyls','sjjyls_638344590548219541.jpeg','2023-11-01 18:10:54'),(64,'sjjls','sjjls_638344590591910898.jpeg','2023-11-01 18:10:59'),(65,'es','es_638344592256679016.jpeg','2023-11-01 18:13:45'),(66,'eslp','eslp_638344592731327466.jpeg','2023-11-01 18:14:33'),(67,'wlp','wlp_638344594237923189.jpeg','2023-11-01 18:17:03'),(68,'lmd','lmd_638351556650695543.jpeg','2023-11-09 19:41:05');
/*!40000 ALTER TABLE `l_img` ENABLE KEYS */;
UNLOCK TABLES;

--
-- Table structure for table `l_movimentos`
--

DROP TABLE IF EXISTS `l_movimentos`;
/*!40101 SET @saved_cs_client     = @@character_set_client */;
/*!40101 SET character_set_client = utf8 */;
CREATE TABLE `l_movimentos` (
  `Id` varchar(50) NOT NULL,
  `StampLiteratura` varchar(50) DEFAULT NULL,
  `Quantidade` decimal(10,0) DEFAULT NULL,
  `Data` datetime DEFAULT NULL,
  `IdPublicador` int(11) DEFAULT NULL,
  `timestamp` timestamp NOT NULL DEFAULT CURRENT_TIMESTAMP,
  PRIMARY KEY (`Id`)
) ENGINE=InnoDB DEFAULT CHARSET=utf8mb4;
/*!40101 SET character_set_client = @saved_cs_client */;

--
-- Dumping data for table `l_movimentos`
--

LOCK TABLES `l_movimentos` WRITE;
/*!40000 ALTER TABLE `l_movimentos` DISABLE KEYS */;
INSERT INTO `l_movimentos` VALUES ('638164273488135329','43b64b43-73d7-11ed-940f-0242ac110004',1,'2023-04-07 01:22:28',1,'2023-04-07 01:22:28'),('638168214529881492','43b6edae-73d7-11ed-940f-0242ac110004',200,'2023-02-01 09:00:00',0,'2023-04-11 14:50:52'),('638168216350911883','43b6d69a-73d7-11ed-940f-0242ac110004',150,'2023-02-01 09:00:00',0,'2023-04-11 14:53:55'),('638168217964539525','43b6d2c9-73d7-11ed-940f-0242ac110004',134,'2023-02-01 09:00:00',0,'2023-04-11 14:56:36'),('638168221245108069','43b6f945-73d7-11ed-940f-0242ac110004',155,'2023-02-01 09:00:00',0,'2023-04-11 15:02:04'),('638168223315333975','43b6c694-73d7-11ed-940f-0242ac110004',123,'2023-02-01 09:00:00',0,'2023-04-11 15:05:31'),('638168224608003515','43b6ca5f-73d7-11ed-940f-0242ac110004',110,'2023-02-01 09:00:00',0,'2023-04-11 15:07:40'),('638168225382971836','43b6de40-73d7-11ed-940f-0242ac110004',42,'2023-02-01 09:00:00',0,'2023-04-11 15:08:58'),('638168229251116322','43b7638e-73d7-11ed-940f-0242ac110004',700,'2023-02-01 09:00:00',0,'2023-04-11 15:15:25'),('638168230386202960','43b6f1a7-73d7-11ed-940f-0242ac110004',50,'2023-02-01 09:00:00',0,'2023-04-11 15:17:18'),('638168231209362747','43b6befc-73d7-11ed-940f-0242ac110004',70,'2023-02-01 09:00:00',0,'2023-04-11 15:18:40'),('638168231876992456','43b6da5a-73d7-11ed-940f-0242ac110004',22,'2023-02-01 09:00:00',0,'2023-04-11 15:19:47'),('638168232116604362','43b6e9b6-73d7-11ed-940f-0242ac110004',10,'2023-02-01 09:00:00',0,'2023-04-11 15:20:11'),('638168232301589781','43b6e5e0-73d7-11ed-940f-0242ac110004',9,'2023-02-01 09:00:00',0,'2023-04-11 15:20:30'),('638168233723217811','43b6b397-73d7-11ed-940f-0242ac110004',28,'2023-02-01 09:00:00',0,'2023-04-11 15:22:52'),('638168235524642246','43b6b759-73d7-11ed-940f-0242ac110004',95,'2023-02-01 09:00:00',0,'2023-04-11 15:25:52'),('638168236702891863','43b6afb4-73d7-11ed-940f-0242ac110004',37,'2023-02-01 09:00:00',0,'2023-04-11 15:27:50'),('638168237395703929','43b6a41f-73d7-11ed-940f-0242ac110004',66,'2023-02-01 09:00:00',0,'2023-04-11 15:28:59'),('638168238481851972','638168238467257092',41,'2023-02-01 09:00:00',0,'2023-04-11 15:30:48'),('638168239178397982','638168239163785519',1,'2023-02-01 09:00:00',0,'2023-04-11 15:31:57'),('638168239672222228','638168239663065153',8,'2023-02-01 09:00:00',0,'2023-04-11 15:32:47'),('638168240158205731','43b6a041-73d7-11ed-940f-0242ac110004',31,'2023-02-01 09:00:00',0,'2023-04-11 15:33:35'),('638168240569019257','638168240555919071',8,'2023-02-01 09:00:00',0,'2023-04-11 15:34:16'),('638168244188184398','43b708ca-73d7-11ed-940f-0242ac110004',2600,'2023-02-01 09:00:00',0,'2023-04-11 15:40:18'),('638168244466812509','43b7180d-73d7-11ed-940f-0242ac110004',1700,'2023-02-01 09:00:00',0,'2023-04-11 15:40:46'),('638168244728463351','43b71bd8-73d7-11ed-940f-0242ac110004',2100,'2023-02-01 09:00:00',0,'2023-04-11 15:41:12'),('638168245007531030','43b71062-73d7-11ed-940f-0242ac110004',1400,'2023-02-01 09:00:00',0,'2023-04-11 15:41:40'),('638168245279229141','43b704ff-73d7-11ed-940f-0242ac110004',1800,'2023-02-01 09:00:00',0,'2023-04-11 15:42:07'),('638168245525499360','43b70c97-73d7-11ed-940f-0242ac110004',1800,'2023-02-01 09:00:00',0,'2023-04-11 15:42:32'),('638168245761307477','43b700f9-73d7-11ed-940f-0242ac110004',2500,'2023-02-01 09:00:00',0,'2023-04-11 15:42:56'),('638168245857383937','43b71440-73d7-11ed-940f-0242ac110004',2500,'2023-02-01 09:00:00',0,'2023-04-11 15:43:05'),('638168262879687885','43b670f4-73d7-11ed-940f-0242ac110004',20,'2023-02-01 09:00:00',0,'2023-04-11 16:11:27'),('638168263561733442','43b694cd-73d7-11ed-940f-0242ac110004',65,'2023-02-01 09:00:00',0,'2023-04-11 16:12:36'),('638168263635362642','43b694cd-73d7-11ed-940f-0242ac110004',18,'2023-02-01 09:00:00',0,'2023-04-11 16:12:43'),('638168263867683204','43b674df-73d7-11ed-940f-0242ac110004',29,'2023-02-01 09:00:00',0,'2023-04-11 16:13:06'),('638168264151497298','43b68432-73d7-11ed-940f-0242ac110004',35,'2023-02-01 09:00:00',0,'2023-04-11 16:13:35'),('638168264290602777','43b678b5-73d7-11ed-940f-0242ac110004',3,'2023-02-01 09:00:00',0,'2023-04-11 16:13:49'),('638168274678856928','43b62be4-73d7-11ed-940f-0242ac110004',6,'2023-02-01 09:00:00',0,'2023-04-11 16:31:07'),('638168275066188242','43b622a1-73d7-11ed-940f-0242ac110004',30,'2023-02-01 09:00:00',0,'2023-04-11 16:31:46'),('638168275140666906','43b62742-73d7-11ed-940f-0242ac110004',2,'2023-02-01 09:00:00',0,'2023-04-11 16:31:54'),('638168275340610077','43b654bc-73d7-11ed-940f-0242ac110004',7,'2023-02-01 09:00:00',0,'2023-04-11 16:32:14'),('638168275491000626','43b64fea-73d7-11ed-940f-0242ac110004',18,'2023-02-01 09:00:00',0,'2023-04-11 16:32:29'),('638168275780123048','43b65970-73d7-11ed-940f-0242ac110004',35,'2023-02-01 09:00:00',0,'2023-04-11 16:32:58'),('638168276313881556','43b64698-73d7-11ed-940f-0242ac110004',88,'2023-02-01 09:00:00',0,'2023-04-11 16:33:51'),('638168276599813296','43b66306-73d7-11ed-940f-0242ac110004',31,'2023-02-01 09:00:00',0,'2023-04-11 16:34:19'),('638168279875447907','43b641e5-73d7-11ed-940f-0242ac110004',38,'2023-02-01 09:00:00',0,'2023-04-11 16:39:47'),('638168280131377909','638168280121949712',3,'2023-02-01 09:00:00',0,'2023-04-11 16:40:13'),('638168280451129108','638168280443188172',10,'2023-02-01 09:00:00',0,'2023-04-11 16:40:45'),('638168280745858467','43b6f576-73d7-11ed-940f-0242ac110004',11,'2023-02-01 09:00:00',0,'2023-04-11 16:41:14'),('638168280981339764','638168280971944694',4,'2023-02-01 09:00:00',0,'2023-04-11 16:41:38'),('638168281303317242','43b64b43-73d7-11ed-940f-0242ac110004',6,'2023-02-01 09:00:00',0,'2023-04-11 16:42:10'),('638168281709894357','638168281699794891',11,'2023-02-01 09:00:00',0,'2023-04-11 16:42:50'),('638168281956271407','638168281947220335',6,'2023-02-01 09:00:00',0,'2023-04-11 16:43:15'),('638168282351981391','43b63d2a-73d7-11ed-940f-0242ac110004',4,'2023-02-01 09:00:00',0,'2023-04-11 16:43:55'),('638168282509292920','638168282501045326',5,'2023-02-01 09:00:00',0,'2023-04-11 16:44:10'),('638168282678315580','638168282663386125',1,'2023-02-01 09:00:00',0,'2023-04-11 16:44:27'),('638168559696046500','43b65e20-73d7-11ed-940f-0242ac110004',26,'2023-04-12 00:26:09',0,'2023-04-12 00:26:09'),('638168559795757410','43b68bcf-73d7-11ed-940f-0242ac110004',3,'2023-04-12 00:26:19',0,'2023-04-12 00:26:19'),('638168559932598058','43b7237e-73d7-11ed-940f-0242ac110004',8,'2023-04-12 00:26:33',0,'2023-04-12 00:26:33'),('638168560279300751','43b6fd2b-73d7-11ed-940f-0242ac110004',25,'2023-04-12 00:27:07',0,'2023-04-12 00:27:07'),('638168562325355830','43b5ddeb-73d7-11ed-940f-0242ac110004',4,'2023-04-12 00:30:32',0,'2023-04-12 00:30:32'),('638168562410944644','43b5ea67-73d7-11ed-940f-0242ac110004',4,'2023-04-12 00:30:41',0,'2023-04-12 00:30:41'),('638168562525111354','43b5d188-73d7-11ed-940f-0242ac110004',5,'2023-04-12 00:30:52',0,'2023-04-12 00:30:52'),('638168562602936710','43b61474-73d7-11ed-940f-0242ac110004',6,'2023-04-12 00:31:00',0,'2023-04-12 00:31:00'),('638168571591086089','43b5ddeb-73d7-11ed-940f-0242ac110004',-2,'2023-04-12 00:45:59',0,'2023-04-12 00:45:59'),('638169375267359390','638169375264747929',8,'2023-04-12 23:05:26',0,'2023-04-12 23:05:26'),('638169721641459877','43b622a1-73d7-11ed-940f-0242ac110004',-1,'2023-04-13 08:42:44',0,'2023-04-13 08:42:44'),('638169721643181714','43b622a1-73d7-11ed-940f-0242ac110004',1,'2023-04-13 08:42:44',90,'2023-04-13 08:42:44'),('638169721756517312','43b622a1-73d7-11ed-940f-0242ac110004',-1,'2023-04-13 08:42:55',0,'2023-04-13 08:42:55'),('638169721757785400','43b622a1-73d7-11ed-940f-0242ac110004',1,'2023-04-13 08:42:55',49,'2023-04-13 08:42:55'),('638171618037344247','638171618033205017',400,'2023-04-15 13:23:23',0,'2023-04-15 13:23:23'),('638171618326109489','638171618325045060',300,'2023-04-15 13:23:52',0,'2023-04-15 13:23:52'),('638171618513211330','43b72748-73d7-11ed-940f-0242ac110004',30,'2023-04-15 13:24:11',0,'2023-04-15 13:24:11'),('638171618687724328','638169105834782158',100,'2023-04-15 13:24:28',0,'2023-04-15 13:24:28'),('638172388320852343','43b62742-73d7-11ed-940f-0242ac110004',-1,'2023-04-16 10:47:12',0,'2023-04-16 10:47:12'),('638172388321843354','43b62742-73d7-11ed-940f-0242ac110004',1,'2023-04-16 10:47:12',70,'2023-04-16 10:47:12'),('638172392690557987','43b6e5e0-73d7-11ed-940f-0242ac110004',-2,'2023-04-16 10:54:29',0,'2023-04-16 10:54:29'),('638172392691694674','43b6e5e0-73d7-11ed-940f-0242ac110004',2,'2023-04-16 10:54:29',49,'2023-04-16 10:54:29'),('638172392858100259','43b68432-73d7-11ed-940f-0242ac110004',-1,'2023-04-16 10:54:45',0,'2023-04-16 10:54:45'),('638172392859180301','43b68432-73d7-11ed-940f-0242ac110004',1,'2023-04-16 10:54:45',49,'2023-04-16 10:54:45'),('638178383113619696','43b694cd-73d7-11ed-940f-0242ac110004',-1,'2023-04-23 09:18:31',0,'2023-04-23 09:18:31'),('638178383115091475','43b694cd-73d7-11ed-940f-0242ac110004',1,'2023-04-23 09:18:31',61,'2023-04-23 09:18:31'),('638178458939328912','43b62742-73d7-11ed-940f-0242ac110004',-1,'2023-04-23 11:24:53',0,'2023-04-23 11:24:53'),('638202656793618124','43b622a1-73d7-11ed-940f-0242ac110004',-1,'2023-05-21 11:34:39',0,'2023-05-21 11:34:39'),('638202656794955406','43b622a1-73d7-11ed-940f-0242ac110004',1,'2023-05-21 11:34:39',93,'2023-05-21 11:34:39'),('638247543254365586','43b62be4-73d7-11ed-940f-0242ac110004',-6,'2023-07-12 10:25:25',0,'2023-07-12 10:25:25'),('638247543879288234','43b622a1-73d7-11ed-940f-0242ac110004',-1,'2023-07-12 10:26:27',0,'2023-07-12 10:26:27'),('638247544274184700','43b62742-73d7-11ed-940f-0242ac110004',1,'2023-07-12 10:27:07',0,'2023-07-12 10:27:07'),('638300212341081733','43b622a1-73d7-11ed-940f-0242ac110004',-10,'2023-09-11 09:27:14',0,'2023-09-11 09:27:14'),('638300212342560942','43b622a1-73d7-11ed-940f-0242ac110004',10,'2023-09-11 09:27:14',999999,'2023-09-11 09:27:14'),('638300212788489806','43b65970-73d7-11ed-940f-0242ac110004',-10,'2023-09-11 09:27:58',0,'2023-09-11 09:27:58'),('638300213221592862','43b694cd-73d7-11ed-940f-0242ac110004',14,'2023-09-11 09:28:42',0,'2023-09-11 09:28:42'),('638300213439870467','43b641e5-73d7-11ed-940f-0242ac110004',12,'2023-09-11 09:29:03',0,'2023-09-11 09:29:03'),('638300213587112743','638169829536966738',5,'2023-09-11 09:29:18',0,'2023-09-11 09:29:18'),('638300213743618295','43b65e20-73d7-11ed-940f-0242ac110004',2,'2023-09-11 09:29:34',0,'2023-09-11 09:29:34'),('638300213913089681','43b68bcf-73d7-11ed-940f-0242ac110004',-3,'2023-09-11 09:29:51',0,'2023-09-11 09:29:51'),('638300213959373947','43b690f7-73d7-11ed-940f-0242ac110004',3,'2023-09-11 09:29:55',0,'2023-09-11 09:29:55'),('638300214106041860','43b654bc-73d7-11ed-940f-0242ac110004',3,'2023-09-11 09:30:10',0,'2023-09-11 09:30:10'),('638300214163407153','43b64fea-73d7-11ed-940f-0242ac110004',2,'2023-09-11 09:30:16',0,'2023-09-11 09:30:16'),('638300214386571001','43b6da5a-73d7-11ed-940f-0242ac110004',-12,'2023-09-11 09:30:38',0,'2023-09-11 09:30:38'),('638300214502382492','43b6edae-73d7-11ed-940f-0242ac110004',-50,'2023-09-11 09:30:50',0,'2023-09-11 09:30:50'),('638300214684290704','43b6c694-73d7-11ed-940f-0242ac110004',-67,'2023-09-11 09:31:08',0,'2023-09-11 09:31:08'),('638300214789847364','43b6ca5f-73d7-11ed-940f-0242ac110004',-37,'2023-09-11 09:31:18',0,'2023-09-11 09:31:18'),('638300214994622531','43b7638e-73d7-11ed-940f-0242ac110004',-223,'2023-09-11 09:31:39',0,'2023-09-11 09:31:39'),('638300215174623413','43b6d2c9-73d7-11ed-940f-0242ac110004',-19,'2023-09-11 09:31:57',0,'2023-09-11 09:31:57'),('638300215390636196','43b6f1a7-73d7-11ed-940f-0242ac110004',-6,'2023-09-11 09:32:19',0,'2023-09-11 09:32:19'),('638300215517823024','638169830127379441',47,'2023-09-11 09:32:31',0,'2023-09-11 09:32:31'),('638300215768931087','43b6f945-73d7-11ed-940f-0242ac110004',-92,'2023-09-11 09:32:56',0,'2023-09-11 09:32:56'),('638326489281932164','43b7638e-73d7-11ed-940f-0242ac110004',150,'2023-10-11 19:22:08',0,'2023-10-11 19:22:08'),('638326489594507435','43b62742-73d7-11ed-940f-0242ac110004',1,'2023-10-11 19:22:39',0,'2023-10-11 19:22:39'),('638326489934116557','638326489933628343',132,'2023-10-11 19:23:13',0,'2023-10-11 19:23:13'),('638344584630413089','43b62742-73d7-11ed-940f-0242ac110004',-2,'2023-11-01 18:01:03',0,'2023-11-01 18:01:03'),('638347687094641231','43b622a1-73d7-11ed-940f-0242ac110004',-4,'2023-11-05 08:11:49',0,'2023-11-05 08:11:49'),('638347687094850800','43b622a1-73d7-11ed-940f-0242ac110004',4,'2023-11-05 08:11:49',999999,'2023-11-05 08:11:49'),('638347710711729869','43b674df-73d7-11ed-940f-0242ac110004',-16,'2023-11-05 08:51:11',0,'2023-11-05 08:51:11'),('638347710980406929','43b68432-73d7-11ed-940f-0242ac110004',-1,'2023-11-05 08:51:38',0,'2023-11-05 08:51:38'),('638347711113346231','43b694cd-73d7-11ed-940f-0242ac110004',-2,'2023-11-05 08:51:51',0,'2023-11-05 08:51:51'),('638347711688324088','43b641e5-73d7-11ed-940f-0242ac110004',3,'2023-11-05 08:52:48',0,'2023-11-05 08:52:48'),('638347711976303795','43b654bc-73d7-11ed-940f-0242ac110004',1,'2023-11-05 08:53:17',0,'2023-11-05 08:53:17'),('638347712015736613','43b64fea-73d7-11ed-940f-0242ac110004',1,'2023-11-05 08:53:21',0,'2023-11-05 08:53:21'),('638347712209540620','43b6ca5f-73d7-11ed-940f-0242ac110004',75,'2023-11-05 08:53:40',0,'2023-11-05 08:53:40'),('638347712281843283','43b6c694-73d7-11ed-940f-0242ac110004',98,'2023-11-05 08:53:48',0,'2023-11-05 08:53:48'),('638347712518838794','43b6da5a-73d7-11ed-940f-0242ac110004',8,'2023-11-05 08:54:11',0,'2023-11-05 08:54:11'),('638347712727838520','43b6d2c9-73d7-11ed-940f-0242ac110004',-5,'2023-11-05 08:54:32',0,'2023-11-05 08:54:32'),('638347712922513717','43b6e5e0-73d7-11ed-940f-0242ac110004',1,'2023-11-05 08:54:52',0,'2023-11-05 08:54:52'),('638347713021943576','43b6f945-73d7-11ed-940f-0242ac110004',86,'2023-11-05 08:55:02',0,'2023-11-05 08:55:02'),('638347713073843043','43b7638e-73d7-11ed-940f-0242ac110004',-27,'2023-11-05 08:55:07',0,'2023-11-05 08:55:07'),('638347713211360225','43b6edae-73d7-11ed-940f-0242ac110004',50,'2023-11-05 08:55:21',0,'2023-11-05 08:55:21'),('638347713361542876','43b6f1a7-73d7-11ed-940f-0242ac110004',2,'2023-11-05 08:55:36',0,'2023-11-05 08:55:36'),('638347713432047145','638326489933628343',-2,'2023-11-05 08:55:43',0,'2023-11-05 08:55:43'),('638347713744123485','43b75bee-73d7-11ed-940f-0242ac110004',130,'2023-11-05 08:56:14',0,'2023-11-05 08:56:14'),('638347713881874829','43b75452-73d7-11ed-940f-0242ac110004',900,'2023-11-05 08:56:28',0,'2023-11-05 08:56:28'),('638347714008602800','43b744b4-73d7-11ed-940f-0242ac110004',100,'2023-11-05 08:56:40',0,'2023-11-05 08:56:40'),('638347714147495305','43b71fa6-73d7-11ed-940f-0242ac110004',1500,'2023-11-05 08:56:54',0,'2023-11-05 08:56:54'),('638347714322012498','43b700f9-73d7-11ed-940f-0242ac110004',-900,'2023-11-05 08:57:12',0,'2023-11-05 08:57:12'),('638347714431828360','43b7180d-73d7-11ed-940f-0242ac110004',-1200,'2023-11-05 08:57:23',0,'2023-11-05 08:57:23'),('638347714494485764','43b704ff-73d7-11ed-940f-0242ac110004',-300,'2023-11-05 08:57:29',0,'2023-11-05 08:57:29'),('638347714557308718','43b708ca-73d7-11ed-940f-0242ac110004',-300,'2023-11-05 08:57:35',0,'2023-11-05 08:57:35'),('638347714628366810','43b70c97-73d7-11ed-940f-0242ac110004',-450,'2023-11-05 08:57:42',0,'2023-11-05 08:57:42'),('638347714718843450','43b71bd8-73d7-11ed-940f-0242ac110004',-100,'2023-11-05 08:57:51',0,'2023-11-05 08:57:51'),('638347714823761902','43b71440-73d7-11ed-940f-0242ac110004',-625,'2023-11-05 08:58:02',0,'2023-11-05 08:58:02'),('638347714893435543','43b71062-73d7-11ed-940f-0242ac110004',-150,'2023-11-05 08:58:09',0,'2023-11-05 08:58:09'),('638347747266060410','43b674df-73d7-11ed-940f-0242ac110004',2,'2023-11-05 09:52:06',70,'2023-11-05 09:52:06'),('638347835079721285','43b674df-73d7-11ed-940f-0242ac110004',-1,'2023-11-05 12:18:27',0,'2023-11-05 12:18:27'),('638347835080499416','43b674df-73d7-11ed-940f-0242ac110004',1,'2023-11-05 12:18:28',70,'2023-11-05 12:18:28'),('638351556565335140','638351556563009300',120,'2023-11-09 19:40:56',0,'2023-11-09 19:40:56'),('638351556843613623','638351556563009300',-1,'2023-11-09 19:41:24',0,'2023-11-09 19:41:24'),('638351556843912104','638351556563009300',1,'2023-11-09 19:41:24',7,'2023-11-09 19:41:24'),('638351556941728958','638351556563009300',-2,'2023-11-09 19:41:34',0,'2023-11-09 19:41:34'),('638351556941950490','638351556563009300',2,'2023-11-09 19:41:34',55,'2023-11-09 19:41:34'),('638360675699226362','638360675696950624',50,'2023-11-20 08:59:29',0,'2023-11-20 08:59:29'),('638360676235151256','43b6da5a-73d7-11ed-940f-0242ac110004',200,'2023-11-20 09:00:23',0,'2023-11-20 09:00:23'),('638360676423562637','638171618325045060',500,'2023-11-20 09:00:42',0,'2023-11-20 09:00:42'),('638360676671901196','43b71bd8-73d7-11ed-940f-0242ac110004',800,'2023-11-20 09:01:07',0,'2023-11-20 09:01:07'),('638360676798741599','43b7180d-73d7-11ed-940f-0242ac110004',1200,'2023-11-20 09:01:19',0,'2023-11-20 09:01:19'),('638360676941790494','43b654bc-73d7-11ed-940f-0242ac110004',10,'2023-11-20 09:01:34',0,'2023-11-20 09:01:34'),('638360677101937863','43b708ca-73d7-11ed-940f-0242ac110004',400,'2023-11-20 09:01:50',0,'2023-11-20 09:01:50'),('638360677220627052','43b70c97-73d7-11ed-940f-0242ac110004',800,'2023-11-20 09:02:02',0,'2023-11-20 09:02:02'),('638360677379163402','43b744b4-73d7-11ed-940f-0242ac110004',2000,'2023-11-20 09:02:17',0,'2023-11-20 09:02:17'),('638360677533066331','43b71440-73d7-11ed-940f-0242ac110004',400,'2023-11-20 09:02:33',0,'2023-11-20 09:02:33'),('638360677637483363','43b71062-73d7-11ed-940f-0242ac110004',400,'2023-11-20 09:02:43',0,'2023-11-20 09:02:43'),('638360678048073253','43b62be4-73d7-11ed-940f-0242ac110004',30,'2023-11-20 09:03:24',0,'2023-11-20 09:03:24'),('638360678459655316','43b62be4-73d7-11ed-940f-0242ac110004',-5,'2023-11-20 09:04:05',0,'2023-11-20 09:04:05'),('638360678460396630','43b62be4-73d7-11ed-940f-0242ac110004',5,'2023-11-20 09:04:06',999999,'2023-11-20 09:04:06'),('638361930213057182','638351556563009300',-2,'2023-11-21 19:50:21',0,'2023-11-21 19:50:21'),('638361930214044352','638351556563009300',2,'2023-11-21 19:50:21',90,'2023-11-21 19:50:21'),('638712338899287900','638712338898954210',56,'2024-12-31 09:24:49',0,'2024-12-31 09:24:49'),('638712339025426733','638712339025120230',10,'2024-12-31 09:25:02',0,'2024-12-31 09:25:02'),('638712339097055481','638712339096761626',56,'2024-12-31 09:25:09',0,'2024-12-31 09:25:09'),('638712339164091085','638712339163758352',10,'2024-12-31 09:25:16',0,'2024-12-31 09:25:16'),('638712339389306814','638712339389007758',56,'2024-12-31 09:25:38',0,'2024-12-31 09:25:38'),('638712339454269756','638712339453983960',10,'2024-12-31 09:25:45',0,'2024-12-31 09:25:45'),('638712339622884396','638712339622569204',60,'2024-12-31 09:26:02',0,'2024-12-31 09:26:02'),('638712340366596459','43b62be4-73d7-11ed-940f-0242ac110004',-12,'2024-12-31 09:27:16',0,'2024-12-31 09:27:16'),('638712340408208825','43b622a1-73d7-11ed-940f-0242ac110004',3,'2024-12-31 09:27:20',0,'2024-12-31 09:27:20'),('638712340469044843','43b62742-73d7-11ed-940f-0242ac110004',10,'2024-12-31 09:27:26',0,'2024-12-31 09:27:26'),('638712340638390864','43b674df-73d7-11ed-940f-0242ac110004',-8,'2024-12-31 09:27:43',0,'2024-12-31 09:27:43'),('638712340726733891','43b694cd-73d7-11ed-940f-0242ac110004',-18,'2024-12-31 09:27:52',0,'2024-12-31 09:27:52'),('638712340821372925','43b670f4-73d7-11ed-940f-0242ac110004',-1,'2024-12-31 09:28:02',0,'2024-12-31 09:28:02'),('638712341024438108','43b641e5-73d7-11ed-940f-0242ac110004',-41,'2024-12-31 09:28:22',0,'2024-12-31 09:28:22'),('638712341374641128','638712341374134547',42,'2024-12-31 09:28:57',0,'2024-12-31 09:28:57'),('638712341609709588','43b654bc-73d7-11ed-940f-0242ac110004',-2,'2024-12-31 09:29:20',0,'2024-12-31 09:29:20'),('638712341649466456','43b64fea-73d7-11ed-940f-0242ac110004',-3,'2024-12-31 09:29:24',0,'2024-12-31 09:29:24'),('638712341829208838','638360675696950624',-9,'2024-12-31 09:29:42',0,'2024-12-31 09:29:42'),('638712341902090781','43b6da5a-73d7-11ed-940f-0242ac110004',-38,'2024-12-31 09:29:50',0,'2024-12-31 09:29:50'),('638712342089687213','43b6edae-73d7-11ed-940f-0242ac110004',-30,'2024-12-31 09:30:08',0,'2024-12-31 09:30:08'),('638712342202326120','43b6c694-73d7-11ed-940f-0242ac110004',-34,'2024-12-31 09:30:20',0,'2024-12-31 09:30:20'),('638712342308450583','43b6ca5f-73d7-11ed-940f-0242ac110004',-37,'2024-12-31 09:30:30',0,'2024-12-31 09:30:30'),('638712342383807773','43b7638e-73d7-11ed-940f-0242ac110004',-440,'2024-12-31 09:30:38',0,'2024-12-31 09:30:38'),('638712342490045295','43b6d2c9-73d7-11ed-940f-0242ac110004',-12,'2024-12-31 09:30:49',0,'2024-12-31 09:30:49'),('638712342568776359','638351556563009300',-70,'2024-12-31 09:30:56',0,'2024-12-31 09:30:56'),('638712342693744494','43b6f1a7-73d7-11ed-940f-0242ac110004',-13,'2024-12-31 09:31:09',0,'2024-12-31 09:31:09'),('638712342766291006','638169830127379441',-8,'2024-12-31 09:31:16',0,'2024-12-31 09:31:16'),('638712342859588459','638326489933628343',-2,'2024-12-31 09:31:25',0,'2024-12-31 09:31:25'),('638712342955369252','43b6f945-73d7-11ed-940f-0242ac110004',-9,'2024-12-31 09:31:35',0,'2024-12-31 09:31:35'),('638712343057579109','43b75bee-73d7-11ed-940f-0242ac110004',-30,'2024-12-31 09:31:45',0,'2024-12-31 09:31:45'),('638712343543806439','638712343543321103',400,'2024-12-31 09:32:34',0,'2024-12-31 09:32:34'),('638712343646596760','638712343646094327',800,'2024-12-31 09:32:44',0,'2024-12-31 09:32:44'),('638712343819289375','43b744b4-73d7-11ed-940f-0242ac110004',-100,'2024-12-31 09:33:01',0,'2024-12-31 09:33:01'),('638712343892457059','43b75452-73d7-11ed-940f-0242ac110004',-400,'2024-12-31 09:33:09',0,'2024-12-31 09:33:09'),('638712344033456722','43b700f9-73d7-11ed-940f-0242ac110004',-325,'2024-12-31 09:33:23',0,'2024-12-31 09:33:23'),('638712344089651164','43b7180d-73d7-11ed-940f-0242ac110004',-825,'2024-12-31 09:33:28',0,'2024-12-31 09:33:28'),('638712344149517820','43b704ff-73d7-11ed-940f-0242ac110004',-300,'2024-12-31 09:33:34',0,'2024-12-31 09:33:34'),('638712344237724729','43b708ca-73d7-11ed-940f-0242ac110004',-500,'2024-12-31 09:33:43',0,'2024-12-31 09:33:43'),('638712344311056042','43b70c97-73d7-11ed-940f-0242ac110004',-650,'2024-12-31 09:33:51',0,'2024-12-31 09:33:51'),('638712344402123950','43b71bd8-73d7-11ed-940f-0242ac110004',-675,'2024-12-31 09:34:00',0,'2024-12-31 09:34:00'),('638712344458924900','43b71440-73d7-11ed-940f-0242ac110004',-400,'2024-12-31 09:34:05',0,'2024-12-31 09:34:05'),('638712344518079383','43b71062-73d7-11ed-940f-0242ac110004',-1025,'2024-12-31 09:34:11',0,'2024-12-31 09:34:11'),('638712360323328421','638712339622569204',-1,'2024-12-31 10:00:32',0,'2024-12-31 10:00:32'),('638712360323603218','638712339622569204',1,'2024-12-31 10:00:32',36,'2024-12-31 10:00:32'),('638712360391534360','638712338898954210',-1,'2024-12-31 10:00:39',0,'2024-12-31 10:00:39'),('638712360391804494','638712338898954210',1,'2024-12-31 10:00:39',36,'2024-12-31 10:00:39'),('638712360443814135','638712339096761626',-1,'2024-12-31 10:00:44',0,'2024-12-31 10:00:44'),('638712360444098586','638712339096761626',1,'2024-12-31 10:00:44',36,'2024-12-31 10:00:44'),('638712360520555210','638712339389007758',-1,'2024-12-31 10:00:52',0,'2024-12-31 10:00:52'),('638712360520844231','638712339389007758',1,'2024-12-31 10:00:52',36,'2024-12-31 10:00:52');
/*!40000 ALTER TABLE `l_movimentos` ENABLE KEYS */;
UNLOCK TABLES;

--
-- Table structure for table `l_pedidos_especiais`
--

DROP TABLE IF EXISTS `l_pedidos_especiais`;
/*!40101 SET @saved_cs_client     = @@character_set_client */;
/*!40101 SET character_set_client = utf8 */;
CREATE TABLE `l_pedidos_especiais` (
  `Id` varchar(50) NOT NULL,
  `StampLiteratura` varchar(50) DEFAULT NULL,
  `Quantidade` decimal(10,0) DEFAULT NULL,
  `IdPublicador` int(11) DEFAULT NULL,
  `timestamp` timestamp NOT NULL DEFAULT CURRENT_TIMESTAMP,
  `Estado` varchar(45) NOT NULL,
  `Fornecido` tinyint(1) NOT NULL,
  PRIMARY KEY (`Id`)
) ENGINE=InnoDB DEFAULT CHARSET=utf8mb4;
/*!40101 SET character_set_client = @saved_cs_client */;

--
-- Dumping data for table `l_pedidos_especiais`
--

LOCK TABLES `l_pedidos_especiais` WRITE;
/*!40000 ALTER TABLE `l_pedidos_especiais` DISABLE KEYS */;
INSERT INTO `l_pedidos_especiais` VALUES ('638172415049683669','43b62742-73d7-11ed-940f-0242ac110004',5,0,'2023-04-16 11:31:44','Requisitado',0),('638172415178043478','43b674df-73d7-11ed-940f-0242ac110004',70,0,'2023-04-16 11:31:57','Fornecido',1),('638197799900640433','43b62be4-73d7-11ed-940f-0242ac110004',10,0,'2023-05-15 20:39:50','Requisitado',0);
/*!40000 ALTER TABLE `l_pedidos_especiais` ENABLE KEYS */;
UNLOCK TABLES;

--
-- Table structure for table `l_pedidos_periodicos`
--

DROP TABLE IF EXISTS `l_pedidos_periodicos`;
/*!40101 SET @saved_cs_client     = @@character_set_client */;
/*!40101 SET character_set_client = utf8 */;
CREATE TABLE `l_pedidos_periodicos` (
  `Id` varchar(25) NOT NULL,
  `Referencia` varchar(45) NOT NULL,
  `Quantidade` decimal(10,0) NOT NULL,
  `IdPublicador` int(10) unsigned NOT NULL,
  `timestamp` timestamp NOT NULL DEFAULT CURRENT_TIMESTAMP,
  PRIMARY KEY (`Id`)
) ENGINE=InnoDB DEFAULT CHARSET=utf8mb4;
/*!40101 SET character_set_client = @saved_cs_client */;

--
-- Dumping data for table `l_pedidos_periodicos`
--

LOCK TABLES `l_pedidos_periodicos` WRITE;
/*!40000 ALTER TABLE `l_pedidos_periodicos` DISABLE KEYS */;
INSERT INTO `l_pedidos_periodicos` VALUES ('1','mwb',1,1,'2023-04-07 00:37:57'),('101','w',1,4,'2023-04-07 00:49:59'),('103','wlp',1,6,'2023-04-07 00:49:59'),('105','w',1,8,'2023-04-07 00:49:59'),('108','w',1,11,'2023-04-07 00:49:59'),('109','w',1,12,'2023-04-07 00:49:59'),('111','w',1,14,'2023-04-07 00:49:59'),('112','w',1,15,'2023-04-07 00:49:59'),('113','w',1,16,'2023-04-07 00:49:59'),('115','wlp',1,18,'2023-04-07 00:49:59'),('116','w',1,19,'2023-04-07 00:49:59'),('118','w',1,21,'2023-04-07 00:49:59'),('119','w',1,22,'2023-04-07 00:49:59'),('12','mwb',1,12,'2023-04-07 00:37:57'),('124','w',1,27,'2023-04-07 00:49:59'),('129','w',1,32,'2023-04-07 00:49:59'),('130','w',1,33,'2023-04-07 00:49:59'),('131','w',1,34,'2023-04-07 00:49:59'),('132','w',1,35,'2023-04-07 00:49:59'),('133','w',1,36,'2023-04-07 00:49:59'),('136','wlp',1,39,'2023-04-07 00:49:59'),('137','w',1,40,'2023-04-07 00:49:59'),('139','w',1,42,'2023-04-07 00:49:59'),('14','mwb',1,14,'2023-04-07 00:37:57'),('142','w',1,45,'2023-04-07 00:49:59'),('144','wlp',1,47,'2023-04-07 00:49:59'),('150','w',1,53,'2023-04-07 00:49:59'),('152','w',1,55,'2023-04-07 00:49:59'),('155','w',1,58,'2023-04-07 00:49:59'),('156','w',2,59,'2023-04-07 00:49:59'),('157','w',1,60,'2023-04-07 00:49:59'),('159','w',1,62,'2023-04-07 00:49:59'),('16','mwb',1,16,'2023-04-07 00:37:57'),('162','w',1,65,'2023-04-07 00:49:59'),('164','w',1,67,'2023-04-07 00:49:59'),('166','wlp',1,69,'2023-04-07 00:49:59'),('168','w',1,71,'2023-04-07 00:49:59'),('178','w',3,81,'2023-04-07 00:49:59'),('18','mwb',1,18,'2023-04-07 00:37:57'),('180','w',1,83,'2023-04-07 00:49:59'),('182','wlp',1,85,'2023-04-07 00:49:59'),('183','w',1,86,'2023-04-07 00:49:59'),('185','w',1,88,'2023-04-07 00:49:59'),('187','w',2,90,'2023-04-07 00:49:59'),('19','mwb',1,19,'2023-04-07 00:37:57'),('190','w',1,93,'2023-04-07 00:49:59'),('192','w',1,95,'2023-04-07 00:49:59'),('193','w',1,96,'2023-04-07 00:49:59'),('21','mwb',1,21,'2023-04-07 00:37:57'),('22','mwb',1,22,'2023-04-07 00:37:57'),('27','mwb',1,27,'2023-04-07 00:37:57'),('28','mwb',1,28,'2023-04-07 00:37:57'),('29','mwb',1,29,'2023-04-07 00:37:57'),('31','mwb',1,31,'2023-04-07 00:37:57'),('32','mwb',1,32,'2023-04-07 00:37:57'),('33','mwb',1,33,'2023-04-07 00:37:57'),('34','mwb',1,34,'2023-04-07 00:37:57'),('35','mwb',1,35,'2023-04-07 00:37:57'),('36','mwb',1,36,'2023-04-07 00:37:57'),('39','mwb',1,39,'2023-04-07 00:37:57'),('42','mwb',1,42,'2023-04-07 00:37:57'),('45','mwb',1,45,'2023-04-07 00:37:57'),('47','mwb',1,47,'2023-04-07 00:37:57'),('53','mwb',1,53,'2023-04-07 00:37:57'),('55','mwb',1,55,'2023-04-07 00:37:57'),('58','mwb',1,58,'2023-04-07 00:37:57'),('59','mwb',2,59,'2023-04-07 00:37:57'),('6','mwb',1,6,'2023-04-07 00:37:57'),('60','mwb',1,60,'2023-04-07 00:37:57'),('62','mwb',1,62,'2023-04-07 00:37:57'),('638168982704215681','w',1,20,'2023-04-12 11:11:10'),('638168982786583259','mwb',1,20,'2023-04-12 11:11:18'),('638181394428763526','w',1,68,'2023-04-26 20:57:22'),('638181395026224059','wlp',1,73,'2023-04-26 20:58:22'),('638220702425936754','w',1,13,'2023-06-11 08:50:42'),('638220702509587638','mwb',1,13,'2023-06-11 08:50:50'),('638344757325978667','w',2,79,'2023-11-01 22:48:52'),('638344757423918637','mwb',2,79,'2023-11-01 22:49:02'),('638347832912231925','w',1,1000015,'2023-11-05 12:14:51'),('638347832992293319','mwb',1,1000015,'2023-11-05 12:14:59'),('638712360786203570','wlp',1,59,'2024-12-31 10:01:18'),('638712360856964770','mwb',1,59,'2024-12-31 10:01:25'),('65','mwb',1,65,'2023-04-07 00:37:57'),('67','mwb',1,67,'2023-04-07 00:37:57'),('69','mwb',1,69,'2023-04-07 00:37:57'),('71','mwb',1,71,'2023-04-07 00:37:57'),('72','mwb',1,72,'2023-04-07 00:37:57'),('73','mwb',1,73,'2023-04-07 00:37:57'),('8','mwb',1,8,'2023-04-07 00:37:57'),('81','mwb',1,81,'2023-04-07 00:37:57'),('83','mwb',1,83,'2023-04-07 00:37:57'),('85','mwb',1,85,'2023-04-07 00:37:57'),('86','mwb',1,86,'2023-04-07 00:37:57'),('88','mwb',1,88,'2023-04-07 00:37:57'),('90','mwb',2,90,'2023-04-07 00:37:57'),('93','mwb',1,93,'2023-04-07 00:37:57'),('95','mwb',1,95,'2023-04-07 00:37:57'),('96','mwb',1,96,'2023-04-07 00:37:57'),('98','w',1,1,'2023-04-07 00:49:59');
/*!40000 ALTER TABLE `l_pedidos_periodicos` ENABLE KEYS */;
UNLOCK TABLES;

--
-- Table structure for table `l_periodicos`
--

DROP TABLE IF EXISTS `l_periodicos`;
/*!40101 SET @saved_cs_client     = @@character_set_client */;
/*!40101 SET character_set_client = utf8 */;
CREATE TABLE `l_periodicos` (
  `Id` int(11) NOT NULL AUTO_INCREMENT,
  `Referencia` varchar(10) DEFAULT NULL,
  `Descricao` varchar(100) DEFAULT NULL,
  `timestamp` timestamp NOT NULL DEFAULT CURRENT_TIMESTAMP,
  PRIMARY KEY (`Id`)
) ENGINE=InnoDB AUTO_INCREMENT=10 DEFAULT CHARSET=utf8mb4;
/*!40101 SET character_set_client = @saved_cs_client */;

--
-- Dumping data for table `l_periodicos`
--

LOCK TABLES `l_periodicos` WRITE;
/*!40000 ALTER TABLE `l_periodicos` DISABLE KEYS */;
INSERT INTO `l_periodicos` VALUES (1,'w','Sentinela de Estudo','2023-04-07 00:57:23'),(2,'wlp','Sentinela de Estudo - Letra Grande','2023-04-07 00:57:23'),(3,'mwb','Nossa Vida e Ministério Cristão - Apostila da Reunião','2023-04-07 00:57:23'),(4,'es','Examine as Escrituras Diariamente','2023-04-07 00:57:23'),(5,'eslp','Examine as Escrituras Diariamente - Letra Grande','2023-04-07 00:57:23'),(6,'mvpwp','A Sentinela - Público','2023-04-07 00:57:23'),(7,'mvpg','Despertai','2023-04-07 00:57:23'),(8,'dx','Indice','2024-12-31 09:35:43'),(9,'vol','Volume Encadernado','2024-12-31 09:35:43');
/*!40000 ALTER TABLE `l_periodicos` ENABLE KEYS */;
UNLOCK TABLES;

--
-- Table structure for table `l_pubs`
--

DROP TABLE IF EXISTS `l_pubs`;
/*!40101 SET @saved_cs_client     = @@character_set_client */;
/*!40101 SET character_set_client = utf8 */;
CREATE TABLE `l_pubs` (
  `id` int(11) NOT NULL AUTO_INCREMENT,
  `STAMP` varchar(50) DEFAULT NULL,
  `Referencia` varchar(10) DEFAULT NULL,
  `Descricao` varchar(100) DEFAULT NULL,
  `Data` varchar(100) DEFAULT NULL,
  `IdTipo` int(11) DEFAULT NULL,
  `timestamp` timestamp NOT NULL DEFAULT CURRENT_TIMESTAMP,
  PRIMARY KEY (`id`)
) ENGINE=InnoDB AUTO_INCREMENT=88605 DEFAULT CHARSET=utf8mb4;
/*!40101 SET character_set_client = @saved_cs_client */;

--
-- Dumping data for table `l_pubs`
--

LOCK TABLES `l_pubs` WRITE;
/*!40000 ALTER TABLE `l_pubs` DISABLE KEYS */;
INSERT INTO `l_pubs` VALUES (3503,'43b5b7e9-73d7-11ed-940f-0242ac110004','pte','Envelope Plástico para Cartão de Território',NULL,5,'2022-12-04 12:14:43'),(3505,'43b5c4bc-73d7-11ed-940f-0242ac110004','bdg','Porta-cartão de lapela (Plástico)',NULL,5,'2022-12-04 12:14:43'),(3515,'43b5d188-73d7-11ed-940f-0242ac110004','ldcrt','Carrinho de publicações ',NULL,6,'2022-12-04 12:14:43'),(3520,'43b5ddeb-73d7-11ed-940f-0242ac110004','ldcrtadp','Carrinho - Peças de acrílico das prateleiras ',NULL,6,'2022-12-04 12:14:43'),(3521,'43b5ea67-73d7-11ed-940f-0242ac110004','ldcrtrcv','Carrinho - Capa para a chuva ',NULL,6,'2022-12-04 12:14:43'),(3522,'43b5fce4-73d7-11ed-940f-0242ac110004','ldcrtrkt','Carrinho - Toda a ferragem do carrinho ',NULL,6,'2022-12-04 12:14:43'),(3523,'43b60fc8-73d7-11ed-940f-0242ac110004','ldcrtwhl','Carrinho - Rodas ',NULL,6,'2022-12-04 12:14:43'),(3526,'43b61474-73d7-11ed-940f-0242ac110004','ldcrtmbd','Placa magnética ',NULL,6,'2022-12-04 12:14:43'),(5112,'43b622a1-73d7-11ed-940f-0242ac110004','nwtpkt','Tradução do Novo Mundo - Bolso',NULL,2,'2022-12-04 12:14:43'),(5117,'43b62742-73d7-11ed-940f-0242ac110004','nwtls','Tradução do Novo Mundo - Grande',NULL,2,'2022-12-04 12:14:43'),(5140,'43b62be4-73d7-11ed-940f-0242ac110004','nwt','Tradução do Novo Mundo',NULL,2,'2022-12-04 12:14:43'),(5326,'43b63d2a-73d7-11ed-940f-0242ac110004','sh','Busca de Deus ',NULL,3,'2022-12-04 12:14:43'),(5332,'43b641e5-73d7-11ed-940f-0242ac110004','od','Organizados ',NULL,3,'2022-12-04 12:14:43'),(5334,'43b64698-73d7-11ed-940f-0242ac110004','bh','O que a Bíblia Realmente Ensina?',NULL,3,'2022-12-04 12:14:43'),(5335,'43b64b43-73d7-11ed-940f-0242ac110004','lv','‘Amor de Deus ',NULL,3,'2022-12-04 12:14:43'),(5336,'43b64fea-73d7-11ed-940f-0242ac110004','yp2','Os Jovens Perguntam, Volume 2 ',NULL,3,'2022-12-04 12:14:43'),(5339,'43b654bc-73d7-11ed-940f-0242ac110004','yp1','Os Jovens Perguntam, Volume 1 ',NULL,3,'2022-12-04 12:14:43'),(5340,'43b65970-73d7-11ed-940f-0242ac110004','bhs',' O Que Nos Ensina a Bíblia?',NULL,3,'2022-12-04 12:14:43'),(5341,'43b65e20-73d7-11ed-940f-0242ac110004','sjj','Cantemos com Alegria a Jeová ',NULL,3,'2022-12-04 12:14:43'),(5343,'43b66306-73d7-11ed-940f-0242ac110004','lvs','Amar a Deus',NULL,3,'2022-12-04 12:14:43'),(5413,'43b667b4-73d7-11ed-940f-0242ac110004','jv','Proclamadores',NULL,3,'2022-12-04 12:14:43'),(5414,'43b66c4a-73d7-11ed-940f-0242ac110004','be','Escola do Ministério',NULL,3,'2022-12-04 12:14:43'),(5415,'43b670f4-73d7-11ed-940f-0242ac110004','lr','Instrutor ',NULL,3,'2022-12-04 12:14:43'),(5416,'43b674df-73d7-11ed-940f-0242ac110004','bt','Dê Testemunho Cabal sobre o Reino de Deus',NULL,3,'2022-12-04 12:14:43'),(5422,'43b678b5-73d7-11ed-940f-0242ac110004','kr','O Reino de Deus já Governa! ',NULL,3,'2022-12-04 12:14:43'),(5425,'43b68064-73d7-11ed-940f-0242ac110004','jy','Jesus - o Caminho, a Verdade e a Vida ',NULL,3,'2022-12-04 12:14:43'),(5427,'43b68432-73d7-11ed-940f-0242ac110004','lfb','Aprende com as Histórias da Bíblia ',NULL,3,'2022-12-04 12:14:43'),(5441,'43b68bcf-73d7-11ed-940f-0242ac110004','sjjls','Cantemos com Alegria a Jeová (Grande) ',NULL,3,'2022-12-04 12:14:43'),(5442,'43b690f7-73d7-11ed-940f-0242ac110004','sjjyls','Cantemos com Alegria a Jeová - S/Pauta',NULL,3,'2022-12-04 12:14:43'),(5445,'43b694cd-73d7-11ed-940f-0242ac110004','lff','Seja Feliz Para Sempre! (livro)',NULL,3,'2022-12-04 12:14:43'),(6219,'43b698a2-73d7-11ed-940f-0242ac110004','ialp','Imite Sua Fé',NULL,4,'2022-12-04 12:14:43'),(6630,'43b6a041-73d7-11ed-940f-0242ac110004','sp','Espíritos dos Mortos',NULL,4,'2022-12-04 12:14:43'),(6636,'43b6a41f-73d7-11ed-940f-0242ac110004','pr','Objetivo da Vida',NULL,4,'2022-12-04 12:14:43'),(6637,'43b6a7fb-73d7-11ed-940f-0242ac110004','we','Quando Morre Alguém',NULL,4,'2022-12-04 12:14:43'),(6642,'43b6afb4-73d7-11ed-940f-0242ac110004','ie','Quando Morremos',NULL,4,'2022-12-04 12:14:43'),(6645,'43b6b397-73d7-11ed-940f-0242ac110004','gf','Amigo de Deus ',NULL,4,'2022-12-04 12:14:43'),(6647,'43b6b759-73d7-11ed-940f-0242ac110004','la','Vida Satisfatória',NULL,4,'2022-12-04 12:14:43'),(6652,'43b6befc-73d7-11ed-940f-0242ac110004','bm','Mensagem da Bíblia',NULL,4,'2022-12-04 12:14:43'),(6654,'43b6c694-73d7-11ed-940f-0242ac110004','lc','A vida teve um Criador?',NULL,4,'2022-12-04 12:14:43'),(6655,'43b6ca5f-73d7-11ed-940f-0242ac110004','lf','A origem da vida ',NULL,4,'2022-12-04 12:14:43'),(6657,'43b6d2c9-73d7-11ed-940f-0242ac110004','ll','Escute e viva ',NULL,4,'2022-12-04 12:14:43'),(6658,'43b6d69a-73d7-11ed-940f-0242ac110004','ld','Escute a Deus',NULL,4,'2022-12-04 12:14:43'),(6659,'43b6da5a-73d7-11ed-940f-0242ac110004','fg','Boas Notícias de Deus Para Si!',NULL,4,'2022-12-04 12:14:43'),(6660,'43b6de40-73d7-11ed-940f-0242ac110004','jl','Vontade de Deus',NULL,4,'2022-12-04 12:14:43'),(6663,'43b6e5e0-73d7-11ed-940f-0242ac110004','mb','Minhas Primeiras Lições da Bíblia',NULL,4,'2022-12-04 12:14:43'),(6664,'43b6e9b6-73d7-11ed-940f-0242ac110004','yc','Ensine Seus Filhos',NULL,4,'2022-12-04 12:14:43'),(6665,'43b6edae-73d7-11ed-940f-0242ac110004','hf','Você Pode Ter uma Família Feliz!',NULL,4,'2022-12-04 12:14:43'),(6671,'43b6f1a7-73d7-11ed-940f-0242ac110004','rj','Volte para Jeová',NULL,4,'2022-12-04 12:14:43'),(6674,'43b6f576-73d7-11ed-940f-0242ac110004','np','Boas Novas para Pessoas de Todas as Nações',NULL,4,'2022-12-04 12:14:43'),(6684,'43b6f945-73d7-11ed-940f-0242ac110004','ypq','Respostas 10 Perguntas Que os Jovens Fazem',NULL,4,'2022-12-04 12:14:43'),(7074,'43b6fd2b-73d7-11ed-940f-0242ac110004','kt','Conhecer a Verdade ',NULL,1,'2022-12-04 12:14:43'),(7130,'43b700f9-73d7-11ed-940f-0242ac110004','T-30','O Que Acha da Bíblia?',NULL,1,'2022-12-04 12:14:43'),(7131,'43b704ff-73d7-11ed-940f-0242ac110004','T-31','O Que Espera do Futuro? ',NULL,1,'2022-12-04 12:14:43'),(7132,'43b708ca-73d7-11ed-940f-0242ac110004','T-32','Qual o Segredo para Ter uma Família Feliz? ',NULL,1,'2022-12-04 12:14:43'),(7133,'43b70c97-73d7-11ed-940f-0242ac110004','T-33','Quem controla o mundo?',NULL,1,'2022-12-04 12:14:43'),(7134,'43b71062-73d7-11ed-940f-0242ac110004','T-34','Sofrimento vai acabar?',NULL,1,'2022-12-04 12:14:43'),(7135,'43b71440-73d7-11ed-940f-0242ac110004','T-35','Será Que os Mortos Podem Voltar a Viver? ',NULL,1,'2022-12-04 12:14:43'),(7136,'43b7180d-73d7-11ed-940f-0242ac110004','T-36','O Que É o Reino de Deus?',NULL,1,'2022-12-04 12:14:43'),(7137,'43b71bd8-73d7-11ed-940f-0242ac110004','T-37','Respostas Importantes',NULL,1,'2022-12-04 12:14:43'),(7305,'43b71fa6-73d7-11ed-940f-0242ac110004','inv','Convite para reuniões congregacionais',NULL,1,'2022-12-04 12:14:43'),(8388,'43b7237e-73d7-11ed-940f-0242ac110004','ic','Cartão - Identificação (criança)',NULL,5,'2022-12-04 12:14:43'),(8410,'43b72748-73d7-11ed-940f-0242ac110004','jwcd1','Cartão de visita para jw.org',NULL,5,'2022-12-04 12:14:43'),(8422,'43b73514-73d7-11ed-940f-0242ac110004','jwcd3','Cartão de visita para jw.org',NULL,5,'2022-12-04 12:14:43'),(8703,'43b740e0-73d7-11ed-940f-0242ac110004','S-3','Relatório de Assistência às Reuniões',NULL,5,'2022-12-04 12:14:43'),(8704,'43b744b4-73d7-11ed-940f-0242ac110004','S-4','Relatório de Serviço de Campo',NULL,5,'2022-12-04 12:14:43'),(8712,'43b7488b-73d7-11ed-940f-0242ac110004','S-12','Cartão de Mapa de Território',NULL,5,'2022-12-04 12:14:43'),(8713,'43b74c89-73d7-11ed-940f-0242ac110004','S-13','Registo de Designação de Território',NULL,5,'2022-12-04 12:14:43'),(8721,'43b7507d-73d7-11ed-940f-0242ac110004','S-21','Cartão Registo de Publicador de Congregação',NULL,5,'2022-12-04 12:14:43'),(8724,'43b75452-73d7-11ed-940f-0242ac110004','S-24','Recibo (Maços de 100 unidades)',NULL,5,'2022-12-04 12:14:43'),(9172,'43b75bee-73d7-11ed-940f-0242ac110004','dpa','Cartão DPA',NULL,5,'2022-12-04 12:14:43'),(65423,'43b75fab-73d7-11ed-940f-0242ac110004','krlpi','O Reino de Deus já Governa! (L. Grande) ',NULL,3,'2022-12-04 12:14:43'),(65445,'43b7638e-73d7-11ed-940f-0242ac110004','lffi',' Seja Feliz Para Sempre! (brochura)',NULL,4,'2022-12-04 12:14:43'),(88521,'43b76b36-73d7-11ed-940f-0242ac110004','mvpnvt','Está Convidado',NULL,6,'2022-12-04 12:14:43'),(88541,'638168238467257092','na','O nome Divino Que Durará Para Sempre',NULL,4,'2023-04-11 15:30:46'),(88542,'638168239163785519','dg','Importa-se Deus realmente connosco? ',NULL,4,'2023-04-11 15:31:56'),(88543,'638168239663065153','gl','Veja a Boa Terra',NULL,4,'2023-04-11 15:32:46'),(88544,'638168240555919071','hb','Como pode o sangue salvar a sua vida? ',NULL,4,'2023-04-11 15:34:15'),(88546,'638168280121949712','jr','Jeremias',NULL,3,'2023-04-11 16:40:12'),(88547,'638168280443188172','wt','Adore a Deus',NULL,3,'2023-04-11 16:40:44'),(88548,'638168280971944694','rs','Raciocínios',NULL,3,'2023-04-11 16:41:37'),(88550,'638168281699794891','ct','Criador',NULL,3,'2023-04-11 16:42:49'),(88551,'638168281947220335','cf','Venha ser meu Seguidor',NULL,3,'2023-04-11 16:43:14'),(88553,'638168282501045326','sce','Criação ',NULL,3,'2023-04-11 16:44:10'),(88554,'638168282663386125','gt','O Maior Homem',NULL,3,'2023-04-11 16:44:26'),(88555,'638169105834782158','jwcd4','Cartão de visita para jw.org (apenas logótipo do jw.org)',NULL,5,'2023-04-12 14:36:23'),(88557,'638169375264747929','gm','Palavra de Deus?',NULL,3,'2023-04-12 23:05:26'),(88559,'638169829253506586','jd','Dia de Jeová',NULL,3,'2023-04-13 10:42:06'),(88560,'638169829536966738','rr','Adoração Pura',NULL,3,'2023-04-13 10:42:34'),(88561,'638169830127379441','th','Leitura e Ensino',NULL,4,'2023-04-13 10:43:33'),(88562,'638171618033205017','jwcd9','Cartão de visita para curso bíblico gratuito - Divulgar cursos bíblicos presenciais',NULL,6,'2023-04-15 13:23:23'),(88563,'638171618325045060','jwcd10','Cartão de visita para curso bíblico gratuito - Divulgar cursos bíblicos virtuais',NULL,6,'2023-04-15 13:23:52'),(88588,'638326489933628343','wfg','Aprenda com a Sabedoria de Jesus',NULL,4,'2023-10-11 19:23:13'),(88591,'638351556563009300','lmd','Ame as Pessoas – Faça Discípulos',NULL,4,'2023-11-09 19:40:56'),(88594,'638360675696950624','ed','As Testemunhas de Jeová e a Educação',NULL,4,'2023-11-20 08:59:29'),(88595,'638712338898954210','w','Sentinela de Estudo - Nº11 (2024)','202411',7,'2024-12-31 09:24:49'),(88596,'638712339025120230','wlp','Sentinela de Estudo - Letra Grande - Nº11 (2024)','202411',7,'2024-12-31 09:25:02'),(88597,'638712339096761626','w','Sentinela de Estudo - Nº12 (2024)','202412',7,'2024-12-31 09:25:09'),(88598,'638712339163758352','wlp','Sentinela de Estudo - Letra Grande - Nº12 (2024)','202412',7,'2024-12-31 09:25:16'),(88599,'638712339389007758','w','Sentinela de Estudo - Nº1 (2025)','202501',7,'2024-12-31 09:25:38'),(88600,'638712339453983960','wlp','Sentinela de Estudo - Letra Grande - Nº1 (2025)','202501',7,'2024-12-31 09:25:45'),(88601,'638712339622569204','mwb','Nossa Vida e Ministério Cristão - Apostila da Reunião - Nº3 (2025)','202503',7,'2024-12-31 09:26:02'),(88602,'638712341374134547','scl','Vida Cristã – Textos Bíblicos Úteis','',3,'2024-12-31 09:28:57'),(88603,'638712343543321103','jwcd9','Cartão de visita para curso bíblico','',5,'2024-12-31 09:32:34'),(88604,'638712343646094327','jwcd10','Cartão de visita para curso bíblico','',5,'2024-12-31 09:32:44');
/*!40000 ALTER TABLE `l_pubs` ENABLE KEYS */;
UNLOCK TABLES;

--
-- Table structure for table `l_tipos`
--

DROP TABLE IF EXISTS `l_tipos`;
/*!40101 SET @saved_cs_client     = @@character_set_client */;
/*!40101 SET character_set_client = utf8 */;
CREATE TABLE `l_tipos` (
  `Id` int(11) NOT NULL AUTO_INCREMENT,
  `Descricao` varchar(50) DEFAULT NULL,
  `timestamp` timestamp NOT NULL DEFAULT CURRENT_TIMESTAMP,
  PRIMARY KEY (`Id`)
) ENGINE=InnoDB AUTO_INCREMENT=8 DEFAULT CHARSET=utf8mb4;
/*!40101 SET character_set_client = @saved_cs_client */;

--
-- Dumping data for table `l_tipos`
--

LOCK TABLES `l_tipos` WRITE;
/*!40000 ALTER TABLE `l_tipos` DISABLE KEYS */;
INSERT INTO `l_tipos` VALUES (1,'Folhetos','2023-04-07 00:57:46'),(2,'Biblias','2023-04-07 00:57:46'),(3,'Livros','2023-04-07 00:57:46'),(4,'Brochuras','2023-04-07 00:57:46'),(5,'Formulários','2023-04-07 00:57:46'),(6,'Testemunho Público','2023-04-07 00:57:46'),(7,'Periódicos','2023-04-07 00:57:46');
/*!40000 ALTER TABLE `l_tipos` ENABLE KEYS */;
UNLOCK TABLES;

--
-- Table structure for table `sys_utilizadores`
--

DROP TABLE IF EXISTS `sys_utilizadores`;
/*!40101 SET @saved_cs_client     = @@character_set_client */;
/*!40101 SET character_set_client = utf8 */;
CREATE TABLE `sys_utilizadores` (
  `IdUtilizador` int(11) NOT NULL AUTO_INCREMENT,
  `Username` varchar(50) DEFAULT NULL,
  `Password` varchar(200) DEFAULT NULL,
  `Nome` varchar(50) DEFAULT NULL,
  `Telemovel` varchar(20) DEFAULT NULL,
  `Email` varchar(50) DEFAULT NULL,
  `IdGrupo` int(11) DEFAULT NULL,
  `Tipo` int(10) unsigned NOT NULL DEFAULT '90',
  `timestamp` timestamp NOT NULL DEFAULT CURRENT_TIMESTAMP,
  PRIMARY KEY (`IdUtilizador`)
) ENGINE=InnoDB AUTO_INCREMENT=1000026 DEFAULT CHARSET=utf8mb4;
/*!40101 SET character_set_client = @saved_cs_client */;

--
-- Dumping data for table `sys_utilizadores`
--

LOCK TABLES `sys_utilizadores` WRITE;
/*!40000 ALTER TABLE `sys_utilizadores` DISABLE KEYS */;
INSERT INTO `sys_utilizadores` VALUES (0,NULL,NULL,'Salão do Reino',NULL,NULL,0,90,'2023-11-30 21:42:23'),(1,'adãocouto','','Adão Couto','','',3,90,'2023-11-30 21:42:23'),(2,'albertinacosta','','Albertina Costa','','',6,90,'2023-11-30 21:42:23'),(4,'almerinda','','Almerinda','','',7,90,'2023-11-30 21:42:23'),(5,'anaxavier','','Ana Xavier','','anaraquelx@gmail.com',7,90,'2023-11-30 21:42:23'),(6,'anabelasampaio','','Anabela Sampaio','','',1,90,'2023-11-30 21:42:23'),(7,'antóniomonteiro','','António Monteiro','','',2,90,'2023-11-30 21:42:23'),(8,'armindatravanca','','Arminda Travanca','','',2,90,'2023-11-30 21:42:23'),(9,'arturalves','','Artur Alves','','',4,90,'2023-11-30 21:42:23'),(10,'auroraxavier','','Aurora Xavier','','',7,90,'2023-11-30 21:42:23'),(11,'beatrizpontes','','Beatriz Pontes','','',3,90,'2023-11-30 21:42:23'),(12,'belémpinto','','Belém Pinto','','',6,90,'2023-11-30 21:42:23'),(13,'cacilda','','Cacilda','','',4,90,'2023-11-30 21:42:23'),(14,'francisconovo','','Francisco Novo','','',5,90,'2023-11-30 21:42:23'),(15,'céliaoliveira','','Célia Oliveira','','',1,90,'2023-11-30 21:42:23'),(16,'conceiçãobessa','','Conceição Bessa','','',6,90,'2023-11-30 21:42:23'),(17,'conceiçãocoelho','','Conceição Coelho','','',4,90,'2023-11-30 21:42:23'),(18,'conceiçãoneto','','Conceição Neto','','',6,90,'2023-11-30 21:42:23'),(19,'conceiçãopimentel','','Conceição Pimentel','','',3,90,'2023-11-30 21:42:23'),(20,'conceiçãoribeiro','','Conceição Ribeiro','','',6,90,'2023-11-30 21:42:23'),(21,'conceiçãosampaio','','Conceição Sampaio','','',2,90,'2023-11-30 21:42:23'),(22,'costaesilva','','Costa e Silva','','',2,90,'2023-11-30 21:42:23'),(23,'cristinafonseca','','Cristina Fonseca','','',2,90,'2023-11-30 21:42:23'),(24,'danieladuarte','','Daniela Duarte','','',3,90,'2023-11-30 21:42:23'),(25,'danielagonçalves','','Daniela Gonçalves','','',3,90,'2023-11-30 21:42:23'),(26,'diogoferreira','AQAAAAIAAYagAAAAECZ+WgGvTvvog7VQRyF4b14/CXEsJal/vXnN0GdDh/ctmojT4RDc/Bi1lZkJbHWnLQ==','Diogo Ferreira','','diogofilipa2019@gmail.com',7,70,'2023-11-30 21:42:23'),(27,'elisabete','','Elisabete','','elisabete.nunes.aves.2014@gmail.com',1,90,'2023-11-30 21:42:23'),(28,'emíliacal','','Emília Cal','','',4,90,'2023-11-30 21:42:23'),(29,'emíliaferreira','','Emília Ferreira','','',3,90,'2023-11-30 21:42:23'),(30,'emíliasoares','','Emília Soares','','',5,90,'2023-11-30 21:42:23'),(31,'esterfernandes','','Ester Fernandes','','',1,90,'2023-11-30 21:42:23'),(32,'fábiooliveira','','Fábio Oliveira','','',1,90,'2023-11-30 21:42:23'),(33,'felisbertomartins','','Felisberto Martins','','',2,90,'2023-11-30 21:42:23'),(34,'fernandacarneiro','','Fernanda Carneiro','','',6,90,'2023-11-30 21:42:23'),(35,'filipafernandes','','Filipa Fernandes','','',7,90,'2023-11-30 21:42:23'),(36,'filipemartins','','Filipe Martins','','filipejamartins@gmail.com',1,90,'2023-11-30 21:42:23'),(37,'florentinamartins','','Florentina Martins','','',2,90,'2023-11-30 21:42:23'),(38,'franciscomachado','','Francisco Machado','','',4,90,'2023-11-30 21:42:23'),(39,'glóriaoliveira','','Glória Oliveira','','',1,90,'2023-11-30 21:42:23'),(40,'glóriasilva','','Glória Silva','','',4,90,'2023-11-30 21:42:23'),(41,'hugocarneiro','AQAAAAIAAYagAAAAEM03UzKV9HHUB1eXiHkkOSh7O3HPB1svGehZugKjKh2XUvjPNcKJ6unuiXaw8rDi5A==','Hugo Carneiro','916 022 569','hugocarneiro_80@hotmail.com',6,70,'2023-11-30 21:42:23'),(42,'idalina','','Idalina','','',4,90,'2023-11-30 21:42:23'),(44,'isasilva','','Isa Silva','','isa-mara-silva@hotmail.com',5,90,'2023-11-30 21:42:23'),(45,'isabelpinheiro','','Isabel Pinheiro','','',7,90,'2023-11-30 21:42:23'),(46,'joanaoliveira','','Joana Oliveira','','joana.meireles.oliveira@gmail.com',5,90,'2023-11-30 21:42:23'),(47,'joãoferreira','','João Ferreira','','',1,90,'2023-11-30 21:42:23'),(48,'joaquimpereira','','Joaquim Pereira','','',2,90,'2023-11-30 21:42:23'),(49,'jksprods','AQAAAAIAAYagAAAAEAy3pstxC0/EpklRqxeafo0m/iifKCNTBMBkwZDXpcYC7+qlGRy1/085f5iTPrgWCA==','Jorge Monteiro','912 321 280','jfmmonteiro1997@gmail.com',3,0,'2023-11-30 21:42:23'),(50,'josémachado','','José Machado','','jmfmst3@gmail.com',6,90,'2023-11-30 21:42:23'),(51,'josémanuelsoares','','José Manuel Soares','','',5,90,'2023-11-30 21:42:23'),(52,'josémariaferreira','','José Maria Ferreira','','',3,90,'2023-11-30 21:42:23'),(53,'joséoliveira','','José Oliveira','','narcisoxoliveira@gmail.com',1,90,'2023-11-30 21:42:23'),(54,'josésantos','','José Santos','','',4,90,'2023-11-30 21:42:23'),(55,'josésilva','','José Silva','','',5,90,'2023-11-30 21:42:23'),(56,'josefa','','Josefa','','',4,90,'2023-11-30 21:42:23'),(57,'josefinaalves','','Josefina Alves','','',4,90,'2023-11-30 21:42:23'),(58,'lauradias','','Laura Dias','','',7,90,'2023-11-30 21:42:23'),(59,'lauraoliveira','','Laura Oliveira','','',7,90,'2023-11-30 21:42:23'),(60,'laurinda','','Laurinda','','',7,90,'2023-11-30 21:42:23'),(61,'lúciamachado','','Lúcia Machado','','',2,90,'2023-11-30 21:42:23'),(62,'luíspires','','Luís Pires','','',7,90,'2023-11-30 21:42:23'),(64,'luísalopes','','Luísa Lopes','','',3,90,'2023-11-30 21:42:23'),(65,'lurdesmartins','','Lurdes Martins','','',6,90,'2023-11-30 21:42:23'),(66,'lurdesribeiro','','Lurdes Ribeiro','','',2,90,'2023-11-30 21:42:23'),(67,'lurdessilva','','Lurdes Silva','','',5,90,'2023-11-30 21:42:23'),(68,'manuelborges','','Manuel Borges','','',7,90,'2023-11-30 21:42:23'),(69,'manuelferreira','','Manuel Ferreira','','',2,90,'2023-11-30 21:42:23'),(70,'manuelxavier','','Manuel Xavier','','',7,90,'2023-11-30 21:42:23'),(71,'mariadapaz','','Maria da Paz','','',1,90,'2023-11-30 21:42:23'),(72,'mariajoséborges','','Maria José Borges','','',7,90,'2023-11-30 21:42:23'),(73,'mariajosémoreira','','Maria José Moreira','','',2,90,'2023-11-30 21:42:23'),(74,'mariamachado','','Maria Machado','','',6,90,'2023-11-30 21:42:23'),(75,'miguelferreira','','Miguel Ferreira','','mferreira999@gmail.com',5,90,'2023-11-30 21:42:23'),(76,'migueloliveira','','Miguel Oliveira','','',2,90,'2023-11-30 21:42:23'),(77,'morais','','Morais','','',4,90,'2023-11-30 21:42:23'),(79,'nunoteixeira','','Nuno Teixeira','','',3,90,'2023-11-30 21:42:23'),(80,'odete','','Odete','','',4,90,'2023-11-30 21:42:23'),(81,'olinda','','Olinda','','',3,90,'2023-11-30 21:42:23'),(82,'paulaoliveira','','Paula Oliveira','','',3,90,'2023-11-30 21:42:23'),(83,'raquelbrandão','','Raquel Brandão','','',4,90,'2023-11-30 21:42:23'),(84,'ritasousa','','Rita Sousa','','',3,90,'2023-11-30 21:42:23'),(85,'rosapacheco','','Rosa Pacheco','','',1,90,'2023-11-30 21:42:23'),(86,'rosarodrigues','','Rosa Rodrigues','','',5,90,'2023-11-30 21:42:23'),(87,'rosasantos','','Rosa Santos','','',7,90,'2023-11-30 21:42:23'),(88,'silva','','Silva','','',4,90,'2023-11-30 21:42:23'),(89,'simãocarneiro','','Simão Carneiro','','',6,90,'2023-11-30 21:42:23'),(90,'simãosampaio','','Simão Sampaio','','',1,90,'2023-11-30 21:42:23'),(91,'sousa','','Sousa','','',4,90,'2023-11-30 21:42:23'),(92,'susanamartins','','Susana Martins','','',1,90,'2023-11-30 21:42:23'),(93,'susanasoares','','Susana Soares','','',5,90,'2023-11-30 21:42:23'),(94,'tâniacarneiro','','Tânia Carneiro','','',6,90,'2023-11-30 21:42:23'),(95,'vítorneto','','Vítor Neto','','',6,90,'2023-11-30 21:42:23'),(96,'joaquimrodrigues','','Joaquim Rodrigues','','',5,90,'2023-11-30 21:42:23'),(999999,NULL,NULL,'Outros',NULL,NULL,0,90,'2023-11-30 21:42:23'),(1000006,'fatimaoliveira','','Fátima Oliveira','','',2,90,'2023-11-30 21:42:23'),(1000007,'catarinanovo','','Catarina Novo','','',5,90,'2023-11-30 21:42:23'),(1000015,'daviteixeira','','Davi Teixeira','','',3,90,'2023-11-30 21:42:23'),(1000016,'conceiçãosilva','','Conceição Silva','','',0,90,'2024-12-31 10:16:09');
/*!40000 ALTER TABLE `sys_utilizadores` ENABLE KEYS */;
UNLOCK TABLES;

--
-- Table structure for table `t_anexos`
--

DROP TABLE IF EXISTS `t_anexos`;
/*!40101 SET @saved_cs_client     = @@character_set_client */;
/*!40101 SET character_set_client = utf8 */;
CREATE TABLE `t_anexos` (
  `StampAnexo` varchar(45) NOT NULL,
  `StampTerritorio` varchar(45) NOT NULL,
  `Descricao` varchar(256) NOT NULL,
  `Ficheiro` varchar(256) NOT NULL,
  `Caminho` varchar(512) NOT NULL,
  `Extensao` varchar(10) NOT NULL,
  `timestamp` timestamp NOT NULL DEFAULT CURRENT_TIMESTAMP,
  PRIMARY KEY (`StampAnexo`)
) ENGINE=InnoDB DEFAULT CHARSET=utf8mb4;
/*!40101 SET character_set_client = @saved_cs_client */;

--
-- Dumping data for table `t_anexos`
--

LOCK TABLES `t_anexos` WRITE;
/*!40000 ALTER TABLE `t_anexos` DISABLE KEYS */;
INSERT INTO `t_anexos` VALUES ('638371421091458869','638365485995273722','Anexo de Território (Quinta de Marecos)','T_C.25_638371421091459979.png','/app/img/territorio/','.png','2023-12-02 19:28:29'),('638371421305315801','638365485995273722','Anexo de Território (Quinta de Marecos)','T_C.25_638371421305315862.png','/app/img/territorio/','.png','2023-12-02 19:28:50'),('638371421777530226','638365486126209831','Anexo de Território (Somani)','T_C.26_638371421777530279.png','/app/img/territorio/','.png','2023-12-02 19:29:37'),('638371421804584774','638365486126209831','Anexo de Território (Somani)','T_C.26_638371421804584833.png','/app/img/territorio/','.png','2023-12-02 19:29:40'),('638371422305563759','638365486606399032','Anexo de Território (Carvalhal)','T_C.27_638371422305563828.png','/app/img/territorio/','.png','2023-12-02 19:30:30'),('638371422327885263','638365486606399032','Anexo de Território (Carvalhal)','T_C.27_638371422327885352.png','/app/img/territorio/','.png','2023-12-02 19:30:32'),('638371422734231799','638365486822365168','Anexo de Território (Aldeia do Monte )','T_C.28_638371422734231866.png','/app/img/territorio/','.png','2023-12-02 19:31:13'),('638371422755687006','638365486822365168','Anexo de Território (Aldeia do Monte )','T_C.28_638371422755687065.png','/app/img/territorio/','.png','2023-12-02 19:31:15'),('638371423223815540','638365487008319978','Anexo de Território (Devesa)','T_C.29_638371423223815604.png','/app/img/territorio/','.png','2023-12-02 19:32:02'),('638371423250856243','638365487008319978','Anexo de Território (Devesa)','T_C.29_638371423250856343.png','/app/img/territorio/','.png','2023-12-02 19:32:05'),('638371423660361067','638365487180499945','Anexo de Território (Torrugelo )','T_C.30_638371423660361122.png','/app/img/territorio/','.png','2023-12-02 19:32:46'),('638371423879566439','638365487180499945','Anexo de Território (Torrugelo )','T_C.30_638371423879566500.png','/app/img/territorio/','.png','2023-12-02 19:33:07'),('638371424198630656','638365487317792716','Anexo de Território (Sobreira)','T_C.31_638371424198630720.png','/app/img/territorio/','.png','2023-12-02 19:33:39'),('638371424245323767','638365487317792716','Anexo de Território (Sobreira)','T_C.31_638371424245323823.png','/app/img/territorio/','.png','2023-12-02 19:33:44'),('638371424705953320','638365487427379983','Anexo de Território (Olival)','T_C.32_638371424705953378.png','/app/img/territorio/','.png','2023-12-02 19:34:30'),('638371424752614023','638365487427379983','Anexo de Território (Olival)','T_C.32_638371424752614087.png','/app/img/territorio/','.png','2023-12-02 19:34:35'),('638371425138408856','638365487615461484','Anexo de Território (JMA - S. Martinho )','T_C.33_638371425138408903.png','/app/img/territorio/','.png','2023-12-02 19:35:13'),('638371425166454561','638365487615461484','Anexo de Território (JMA - S. Martinho )','T_C.33_638371425166454637.png','/app/img/territorio/','.png','2023-12-02 19:35:16'),('638371425384927352','638365487871160876','Anexo de Território (Campo de Futebol - S. Martinho )','T_C.34_638371425384927409.png','/app/img/territorio/','.png','2023-12-02 19:35:38'),('638371425417069666','638365487871160876','Anexo de Território (Campo de Futebol - S. Martinho )','T_C.34_638371425417069717.png','/app/img/territorio/','.png','2023-12-02 19:35:41'),('638371425853603100','638365489149196637','Anexo de Território (Samoça - Baixo)','T_C.35_638371425853603156.png','/app/img/territorio/','.png','2023-12-02 19:36:25'),('638371425889420948','638365489149196637','Anexo de Território (Samoça - Baixo)','T_C.35_638371425889421026.png','/app/img/territorio/','.png','2023-12-02 19:36:28'),('638371426714217650','638365489355436230','Anexo de Território (Igreja - S. Mamede)','T_C.36_638371426714217729.png','/app/img/territorio/','.png','2023-12-02 19:37:51'),('638371426774924267','638365489355436230','Anexo de Território (Igreja - S. Mamede)','T_C.36_638371426774924310.png','/app/img/territorio/','.png','2023-12-02 19:37:57'),('638371427351056967','638365489535517014','Anexo de Território (Bacelô)','T_C.37_638371427351057014.png','/app/img/territorio/','.png','2023-12-02 19:38:55'),('638371427378557402','638365489535517014','Anexo de Território (Bacelô)','T_C.37_638371427378557473.png','/app/img/territorio/','.png','2023-12-02 19:38:57'),('638371427762498690','638365489733996052','Anexo de Território (Mosteiro de Singeverga)','T_C.38_638371427762498737.png','/app/img/territorio/','.png','2023-12-02 19:39:36'),('638371427793584106','638365489733996052','Anexo de Território (Mosteiro de Singeverga)','T_C.38_638371427793584157.png','/app/img/territorio/','.png','2023-12-02 19:39:39'),('638371428229557883','638365489989790422','Anexo de Território (Fontão - Cima)','T_C.39_638371428229557939.png','/app/img/territorio/','.png','2023-12-02 19:40:22'),('638371428280644661','638365489989790422','Anexo de Território (Fontão - Cima)','T_C.39_638371428280644770.png','/app/img/territorio/','.png','2023-12-02 19:40:28'),('638371428584306495','638365477636303483','Anexo de Território (Giestal de Cima)','T_C.01_638371428584306600.png','/app/img/territorio/','.png','2023-12-02 19:40:58'),('638371428615513146','638365477636303483','Anexo de Território (Giestal de Cima)','T_C.01_638371428615513195.png','/app/img/territorio/','.png','2023-12-02 19:41:01'),('638371428824020775','638365477863790048','Anexo de Território (Escola - São Tomé)','T_C.02_638371428824020821.png','/app/img/territorio/','.png','2023-12-02 19:41:22'),('638371428846747400','638365477863790048','Anexo de Território (Escola - São Tomé)','T_C.02_638371428846747445.png','/app/img/territorio/','.png','2023-12-02 19:41:24'),('638371428986529131','638365477993373737','Anexo de Território (Giovani)','T_C.03_638371428986529175.png','/app/img/territorio/','.png','2023-12-02 19:41:38'),('638371429014104014','638365477993373737','Anexo de Território (Giovani)','T_C.03_638371429014104061.png','/app/img/territorio/','.png','2023-12-02 19:41:41'),('638371429783539589','638365478124347663','Anexo de Território (Macavio )','T_C.04_638371429783539618.png','/app/img/territorio/','.png','2023-12-02 19:42:58'),('638371429814901885','638365478124347663','Anexo de Território (Macavio )','T_C.04_638371429814901919.png','/app/img/territorio/','.png','2023-12-02 19:43:01'),('638371429960773841','638365478297599727','Anexo de Território (Alto do Monte)','T_C.05_638371429960773889.png','/app/img/territorio/','.png','2023-12-02 19:43:16'),('638371429987596247','638365478297599727','Anexo de Território (Alto do Monte)','T_C.05_638371429987596293.png','/app/img/territorio/','.png','2023-12-02 19:43:18'),('638371430145208232','638365478459522871','Anexo de Território (Moveis Torres)','T_C.06_638371430145208281.png','/app/img/territorio/','.png','2023-12-02 19:43:34'),('638371430186406128','638365478459522871','Anexo de Território (Moveis Torres)','T_C.06_638371430186406174.png','/app/img/territorio/','.png','2023-12-02 19:43:38'),('638371430692039075','638365478786211645','Anexo de Território (Escola Básica S. António)','T_C.07_638371430692039117.png','/app/img/territorio/','.png','2023-12-02 19:44:29'),('638371430719045892','638365478786211645','Anexo de Território (Escola Básica S. António)','T_C.07_638371430719045937.png','/app/img/territorio/','.png','2023-12-02 19:44:31'),('638371430878594527','638365478985474855','Anexo de Território (Igreja - S. Tomé)','T_C.08_638371430878594574.png','/app/img/territorio/','.png','2023-12-02 19:44:47'),('638371430910819412','638365478985474855','Anexo de Território (Igreja - S. Tomé)','T_C.08_638371430910819459.png','/app/img/territorio/','.png','2023-12-02 19:44:51'),('638371431112593058','638365479906519535','Anexo de Território (Assoerão)','T_C.09_638371431112593079.png','/app/img/territorio/','.png','2023-12-02 19:45:11'),('638371431140271469','638365479906519535','Anexo de Território (Assoerão)','T_C.09_638371431140271509.png','/app/img/territorio/','.png','2023-12-02 19:45:14'),('638371431292984282','638365480057270354','Anexo de Território (Brunex)','T_C.10 _638371431292984327.png','/app/img/territorio/','.png','2023-12-02 19:45:29'),('638371431328518836','638365480057270354','Anexo de Território (Brunex)','T_C.10 _638371431328518884.png','/app/img/territorio/','.png','2023-12-02 19:45:32'),('638371431544833761','638365480181143969','Anexo de Território (Coutada )','T_C.11_638371431544833804.png','/app/img/territorio/','.png','2023-12-02 19:45:54'),('638371431568638730','638365480181143969','Anexo de Território (Coutada )','T_C.11_638371431568638777.png','/app/img/territorio/','.png','2023-12-02 19:45:56'),('638371431724523027','638365480313028766','Anexo de Território (Pedreira)','T_C.12_638371431724523070.png','/app/img/territorio/','.png','2023-12-02 19:46:12'),('638371431754643071','638365480313028766','Anexo de Território (Pedreira)','T_C.12_638371431754643113.png','/app/img/territorio/','.png','2023-12-02 19:46:15'),('638371431902926433','638365480549501017','Anexo de Território (Samoça - Cima)','T_C.13_638371431902926479.png','/app/img/territorio/','.png','2023-12-02 19:46:30'),('638371431939821592','638365480549501017','Anexo de Território (Samoça - Cima)','T_C.13_638371431939821612.png','/app/img/territorio/','.png','2023-12-02 19:46:33'),('638371432133910164','638365480757136464','Anexo de Território (Fontão - Baixo)','T_C.14_638371432133910212.png','/app/img/territorio/','.png','2023-12-02 19:46:53'),('638371432166853044','638365480757136464','Anexo de Território (Fontão - Baixo)','T_C.14_638371432166853069.png','/app/img/territorio/','.png','2023-12-02 19:46:56'),('638371432397614978','638365481066112974','Anexo de Território (Quinta d´Além)','T_C.15_638371432397615021.png','/app/img/territorio/','.png','2023-12-02 19:47:19'),('638371432424787061','638365481066112974','Anexo de Território (Quinta d´Além)','T_C.15_638371432424787103.png','/app/img/territorio/','.png','2023-12-02 19:47:22'),('638371432592750342','638365481325025488','Anexo de Território (Avenida - S. Martinho)','T_C.16_638371432592750386.png','/app/img/territorio/','.png','2023-12-02 19:47:39'),('638371432616059467','638365481325025488','Anexo de Território (Avenida - S. Martinho)','T_C.16_638371432616059509.png','/app/img/territorio/','.png','2023-12-02 19:47:41'),('638371432769889981','638365484454609220','Anexo de Território (Café Central)','T_C.17_638371432769890020.png','/app/img/territorio/','.png','2023-12-02 19:47:56'),('638371432792866808','638365484454609220','Anexo de Território (Café Central)','T_C.17_638371432792866854.png','/app/img/territorio/','.png','2023-12-02 19:47:59'),('638371432949868318','638365484582165856','Anexo de Território (Agrêlo)','T_C.18_638371432949868363.png','/app/img/territorio/','.png','2023-12-02 19:48:14'),('638371432973961799','638365484582165856','Anexo de Território (Agrêlo)','T_C.18_638371432973961844.png','/app/img/territorio/','.png','2023-12-02 19:48:17'),('638371433141625608','638365484902131794','Anexo de Território (Mundicorte)','T_C.19_638371433141625654.png','/app/img/territorio/','.png','2023-12-02 19:48:34'),('638371433161533035','638365484902131794','Anexo de Território (Mundicorte)','T_C.19_638371433161533081.png','/app/img/territorio/','.png','2023-12-02 19:48:36'),('638371433352105289','638365485060195934','Anexo de Território (Flor de Vau)','T_C.20_638371433352105314.png','/app/img/territorio/','.png','2023-12-02 19:48:55'),('638371433383578887','638365485060195934','Anexo de Território (Flor de Vau)','T_C.20_638371433383578909.png','/app/img/territorio/','.png','2023-12-02 19:48:58'),('638371433833125785','638365485326793608','Anexo de Território (Estádio - S. Martinho )','T_C.21_638371433833125817.png','/app/img/territorio/','.png','2023-12-02 19:49:43'),('638371433867320049','638365485326793608','Anexo de Território (Estádio - S. Martinho )','T_C.21_638371433867320076.png','/app/img/territorio/','.png','2023-12-02 19:49:46'),('638371434017172612','638365485499837988','Anexo de Território (Flor do Campo )','T_C.22_638371434017172655.png','/app/img/territorio/','.png','2023-12-02 19:50:01'),('638371434055384573','638365485499837988','Anexo de Território (Flor do Campo )','T_C.22_638371434055384613.png','/app/img/territorio/','.png','2023-12-02 19:50:05'),('638371434231249948','638365485675276677','Anexo de Território (Quelha )','T_C.23_638371434231249975.png','/app/img/territorio/','.png','2023-12-02 19:50:23'),('638371434261892849','638365485675276677','Anexo de Território (Quelha )','T_C.23_638371434261892875.png','/app/img/territorio/','.png','2023-12-02 19:50:26'),('638371434423117797','638365485804363949','Anexo de Território (Felpinter)','T_C.24_638371434423117841.png','/app/img/territorio/','.png','2023-12-02 19:50:42'),('638371434454288510','638365485804363949','Anexo de Território (Felpinter)','T_C.24_638371434454288555.png','/app/img/territorio/','.png','2023-12-02 19:50:45');
/*!40000 ALTER TABLE `t_anexos` ENABLE KEYS */;
UNLOCK TABLES;

--
-- Table structure for table `t_movimentos`
--

DROP TABLE IF EXISTS `t_movimentos`;
/*!40101 SET @saved_cs_client     = @@character_set_client */;
/*!40101 SET character_set_client = utf8 */;
CREATE TABLE `t_movimentos` (
  `StampMovimento` varchar(45) NOT NULL,
  `StampTerritorio` varchar(45) NOT NULL,
  `IdPublicador` int(10) unsigned NOT NULL,
  `DataMovimento` datetime NOT NULL,
  `TipoMovimento` int(10) unsigned NOT NULL,
  `timestamp` timestamp NOT NULL DEFAULT CURRENT_TIMESTAMP,
  PRIMARY KEY (`StampMovimento`)
) ENGINE=InnoDB DEFAULT CHARSET=utf8mb4;
/*!40101 SET character_set_client = @saved_cs_client */;

--
-- Dumping data for table `t_movimentos`
--

LOCK TABLES `t_movimentos` WRITE;
/*!40000 ALTER TABLE `t_movimentos` DISABLE KEYS */;
INSERT INTO `t_movimentos` VALUES ('638365211845670865','638365211262398333',92,'2023-11-25 14:59:44',1,'2023-11-25 14:59:44'),('638365466011369909','638365464471191317',41,'2023-11-25 22:03:21',1,'2023-11-25 22:03:21'),('638365545750567398','638365489989790422',53,'2023-11-26 00:16:15',1,'2023-11-26 00:16:15'),('638365546076907934','638365469560244712',27,'2023-11-26 00:16:47',1,'2023-11-26 00:16:47'),('638365546347259498','638365480181143969',89,'2023-11-26 00:17:14',1,'2023-11-26 00:17:14'),('638365546614063889','638365502345489012',29,'2023-11-26 00:17:41',1,'2023-11-26 00:17:41'),('638365546762477493','638365462070829932',66,'2023-11-26 00:17:56',1,'2023-11-26 00:17:56'),('638365546912159524','638365496378885584',65,'2023-11-26 00:18:11',1,'2023-11-26 00:18:11'),('638365547069633277','638365477863790048',88,'2023-11-26 00:18:26',1,'2023-11-26 00:18:26'),('638365547337354225','638365485995273722',49,'2023-11-26 00:18:53',1,'2023-11-26 00:18:53'),('638365889072931698','638365470645499549',25,'2023-11-26 09:48:27',1,'2023-11-26 09:48:27'),('638365889769908976','638365471397125843',64,'2023-11-26 09:49:36',1,'2023-11-26 09:49:36'),('638365962474053552','638365481325025488',46,'2023-11-26 11:50:47',1,'2023-11-26 11:50:47'),('638365962803573719','638365501649665856',75,'2023-11-26 11:51:20',1,'2023-11-26 11:51:20'),('638365971690273208','638365491263969018',44,'2023-11-26 12:06:09',1,'2023-11-26 12:06:09'),('638365972221728663','638365473042652277',92,'2023-11-26 12:07:02',1,'2023-11-26 12:07:02'),('638365972453701319','638365473416779176',1000014,'2023-11-26 12:07:25',1,'2023-11-26 12:07:25'),('638365972582432951','638365473863115703',24,'2023-11-26 12:07:38',1,'2023-11-26 12:07:38'),('638365973027346800','638365474006186534',84,'2023-11-26 12:08:22',1,'2023-11-26 12:08:22'),('638365973385570908','638365475946232935',78,'2023-11-26 12:08:58',1,'2023-11-26 12:08:58'),('638365973422771495','638365472854703691',11,'2023-11-26 12:09:02',1,'2023-11-26 12:09:02'),('638365973525461783','638365476139967062',74,'2023-11-26 12:09:12',1,'2023-11-26 12:09:12'),('638365973840294759','638365478985474855',84,'2023-11-26 12:09:44',1,'2023-11-26 12:09:44'),('638365974472725510','638365480057270354',36,'2023-11-26 12:10:47',1,'2023-11-26 12:10:47'),('638365976638709056','638365487615461484',89,'2023-11-26 12:14:23',1,'2023-11-26 12:14:23'),('638365978462693820','638365490506798433',74,'2023-11-26 12:17:26',1,'2023-11-26 12:17:26'),('638365978702901867','638365490689159359',26,'2023-11-26 12:17:50',1,'2023-11-26 12:17:50'),('638365978943884426','638365495735114953',79,'2023-11-26 12:18:14',1,'2023-11-26 12:18:14'),('638365979107387027','638365495868251994',94,'2023-11-26 12:18:30',1,'2023-11-26 12:18:30'),('638365979418837643','638365496577284486',5,'2023-11-26 12:19:01',1,'2023-11-26 12:19:01'),('638365979581529461','638365497759328373',55,'2023-11-26 12:19:18',1,'2023-11-26 12:19:18'),('638365979808569712','638365498271894753',72,'2023-11-26 12:19:40',1,'2023-11-26 12:19:40'),('638365979989183012','638365499265896566',93,'2023-11-26 12:19:58',1,'2023-11-26 12:19:58'),('638365980172600385','638365499622746867',55,'2023-11-26 12:20:17',1,'2023-11-26 12:20:17'),('638365980354002527','638365499889989372',50,'2023-11-26 12:20:35',1,'2023-11-26 12:20:35'),('638365980515324360','638365500399451452',50,'2023-11-26 12:20:51',1,'2023-11-26 12:20:51'),('638365980728187708','638365502208593744',52,'2023-11-26 12:21:12',1,'2023-11-26 12:21:12'),('638371435806422955','638365464471191317',0,'2023-12-02 19:53:00',2,'2023-12-02 19:53:00'),('638371436315031368','638365464471191317',41,'2023-12-02 19:53:51',1,'2023-12-02 19:53:51');
/*!40000 ALTER TABLE `t_movimentos` ENABLE KEYS */;
UNLOCK TABLES;

--
-- Table structure for table `t_territorios`
--

DROP TABLE IF EXISTS `t_territorios`;
/*!40101 SET @saved_cs_client     = @@character_set_client */;
/*!40101 SET character_set_client = utf8 */;
CREATE TABLE `t_territorios` (
  `Stamp` varchar(45) NOT NULL,
  `Id` varchar(45) NOT NULL,
  `Nome` varchar(120) NOT NULL,
  `Dificuldade` int(10) unsigned NOT NULL,
  `Descricao` varchar(1024) NOT NULL,
  `Url` varchar(256) NOT NULL,
  `timestamp` timestamp NOT NULL DEFAULT CURRENT_TIMESTAMP,
  PRIMARY KEY (`Stamp`)
) ENGINE=InnoDB DEFAULT CHARSET=utf8mb4;
/*!40101 SET character_set_client = @saved_cs_client */;

--
-- Dumping data for table `t_territorios`
--

LOCK TABLES `t_territorios` WRITE;
/*!40000 ALTER TABLE `t_territorios` DISABLE KEYS */;
INSERT INTO `t_territorios` VALUES ('638365211262398333','A.02 ','Feira Aves',1,'Iniciar Rua Manuel Afonso da Silva (lado esquerdo) > Rua 25 Abril > Rua Honoré > Rua Balgas -> Rua Silva Araújo > Av. Conde Vizela.','https://www.google.com/maps/d/viewer?mid=1qYmBfjP7TbetXUXLSBLE3Ht-6OYmUd8&ll=41.3587020234199%2C-8.406494&z=15','2023-11-25 14:58:46'),('638365456237722935','A.01','Salão do Reino ',1,'Iniciar na Avenida 4 de Abril de 1955 >  Rua Silva Araújo (esquerda) >  Rua Balgas (esquerda) > Rua Honoré > Largo Dr. Braga da Cruz > Rua Santo Honorato > Rua Miguel Torga > até ponto de partida na avenida 4 Abril 1955.','https://www.google.com/maps/d/viewer?mid=1cAeR9OAM-muPxPArjIo_ZDlueoUBxQE&ll=41.360122372985856%2C-8.407937547607428&z=17','2023-11-25 21:47:03'),('638365460526410185','A.03','Junta de Freguesia - Aves',0,'Iniciar na Avenida 4 de Abril de 1955 (Junta de freguesia) > sempre lado direito > Rua 25 De Abril > Largo Dr. Braga Cruz > Rua Santo Honorato > Rua Miguel Torga.','https://www.google.com/maps/d/viewer?mid=1mfs0fORpDGqII3dZPZTPncJMrUdzkoM&ll=41.36053100582857%2C-8.40656150000001&z=18','2023-11-25 21:54:12'),('638365462070829932','A.04','ESDAH - Aves',1,'Iniciar lado esquerdo na Rua D. Afonso Henriques >  Rua Manuel Afonso Silva > Avenida Conde Vizela > Avenida de Poldrães >Avenida Comendador Silva Araújo.','https://www.google.com/maps/d/viewer?mid=1NUd4qtbES6hMvpcYdAXfLT0DOruBFo0&ll=41.3613825317082%2C-8.402123999999995&z=17','2023-11-25 21:56:47'),('638365463152127542','A.05','Tojela',0,'Iniciar na Rua Dom Afonso Henriques (lado esquerdo) > Avenida Comendador Silva Araújo > Largo da Tojela > Largo Francisco Machado Guimarães > Rua 25 de Abril > Rua Manuel Afonso da Silva.','https://www.google.com/maps/d/viewer?mid=1g_gpix0MAMfLjL99bt5o-rebs55u-D4&ll=41.36227753609691%2C-8.403535999999997&z=17','2023-11-25 21:58:35'),('638365464471191317','A.20','Amieiro Galego',1,'Iniciar na Rua Pte. da Pinguela (frente Casfil) > sempre do lado esquerdo > Rua Cruzeiro do Romão > Rua Rioberto > Rua Luis Gonzaga Mendes Cavalho > Rua Santa Clara >  Rua de Paredes > Rua Freixieiro > até ponto de partida na Rua Pte da Pinguela (Casfil).','https://www.google.com/maps/d/viewer?mid=143k-9hyGQRctNQdgiexdNe4aBvCAWWY&ll=41.37116819337603%2C-8.414942000000009&z=16','2023-11-25 22:00:47'),('638365468540666625','A.06','CTT',0,'Iniciar no Largo da Tojela > Rua São Miguel > Alameda Arnaldo Gama > Rua João Bento Padilha > Av. 4 de Abril de 1955 > Rua 25 de Abril > Largo Francisco Machado Guimarães (lado esquerdo e interiores do território).','https://www.google.com/maps/d/viewer?mid=1kBpDFNbV9ONsrzGUzW983OwDy_OkkDI&ll=41.36361253798801%2C-8.405256499999986&z=17','2023-11-25 22:07:34'),('638365469322032085','A.07','Bombeiros - Aves ',0,'Iniciar na Rua João Bento Padilha (lado direito) > Rua Bombeiro Voluntário > Av. 4 de Abril de 1955 > Rua Luis de Camões > Rua Sra. da Conceição até ponto de partida.','https://www.google.com/maps/d/viewer?mid=1WQUgR2PzUHbxcqHs7gvh5rsvIzzzF7Q&ll=41.36282051554764%2C-8.40866&z=17 ','2023-11-25 22:08:52'),('638365469560244712','A.08','Mosteiro da Visitação',0,'Iniciar na Rua João Bento Padilha (lado direito) > Rua Bombeiro Voluntário > Av. 4 de Abril de 1955 > Rua Luis de Camões > Rua Sra. da Conceição até ponto de partida.','https://www.google.com/maps/d/viewer?mid=1WQUgR2PzUHbxcqHs7gvh5rsvIzzzF7Q&ll=41.36282051554764%2C-8.40866&z=17','2023-11-25 22:09:16'),('638365469780846036','A.09','Campo de Treinos - Aves',0,'Inicio na Rua Luís de Camões (campo de treinos de Vila das Aves) > sempre do lado esquerdo > Rua Srª da Conceição > Rua Silva Araújo > Avenida 4 de Abril de 1955 > até ao ponto de partida (campo de treinos de Vila das Aves).','https://www.google.com/maps/d/viewer?mid=18SfFJ5-W3VO0Jp8gHqCtEVa8v3x_8H8&ll=41.36199901298474%2C-8.41231950000001&z=18','2023-11-25 22:09:38'),('638365469914749753','A.10','Casfil',1,'Inicio Rua Santa Rita > sempre do lado esquerdo > Tv. Fonte de Sense > Rua Rio Ave > Rua Silva Araújo > Rua Visitação > Rua Pte. da Pinguela.','https://www.google.com/maps/d/viewer?mid=1MbyxpdCNmQ7uLSLbLhdXH3wpEBhcHfA&ll=41.36517705870465%2C-8.421368000000005&z=16','2023-11-25 22:09:51'),('638365470080112613','A.11','Cense',1,'Iniciar na Rua Bela Vista (lado esquerdo) > Rua dos Aves > Rua de Cense > Rua Santa Rita.','https://www.google.com/maps/d/viewer?mid=1rUrnsoBa6i3GcQDhmZb0LRR9xHysO9c&ll=41.36149511358799%2C-8.428094500000002&z=16','2023-11-25 22:10:08'),('638365470233936437','A.12','Hotelar',1,'Iniciar na Rua dos Correios (lado esquerdo Modatex) > Largo Fábrica do Rio Vizela > Rua Silva Araújo > Av. Paradela > Rua Rio Vizela > Rua Rio Ave > Tv. Fonte de Sense > Rua dos Aves > Rua Bela Vista > Avenida Eng. Aníbal Magalhães Moreira.','https://google.com/maps/d/viewer?mid=1GUKhjxVSBldNh8_MvhAAtVsVagy_isA&ll=41.35992861953627%2C-8.418059499999998&z=16','2023-11-25 22:10:23'),('638365470645499549','A.13','Paço d´Além',0,'Iniciar na Rua Silva Araújo  > Rua Rio Ave > Rua Rio Vizela > Avenida Paradela (Sempre do lado esquerdo). ','https://www.google.com/maps/d/viewer?mid=1qD0_kt-_qMCOZMvNNBBa9l3hgBIiFrA&ll=41.36192352613987%2C-8.416462999999998&z=17','2023-11-25 22:11:04'),('638365471397125843','A.14','Estação - Aves',1,'Iniciar Rua dos Correios (lado esquerdo) > Rua Conde Vizela > Avenida Fábrica Negrelos (N105) > Av. Ponte (N105) > Av. Industria Têxtil (N105) > Rua Ponte Nova > Av. Poldrães > Av. Conde Vizela > Rua Silva Araújo > Largo Fábrica Rio Vizela.','https://www.google.com/maps/d/viewer?mid=1Oa4jsTjgZsoUIESFD7yY5wXhist6KDs&ll=41.357720062529616%2C-8.405735500000011&z=15','2023-11-25 22:12:19'),('638365471595191061','A.15','LIDL - Aves',2,'Iniciar na Rua da Giesteira (junto ao apeadeiro) >  subir em direção á Estrada Nacional 105 >  Virar á esquerda passando pelo >  Stand de Automóveis CA >  Fardylor > Lidl > Galp > Terminar na Avenida de Poldrães (antiga Fabrica de Poldrães).','https://www.google.com/maps/d/viewer?mid=1_RKphy57LPBNFA7XI6oPhMqkdztZ1y8&ll=41.36267113296716%2C-8.39431950000001&z=16','2023-11-25 22:12:39'),('638365471787983384','A.16','Zé da Rampa',1,'Iniciar Rua Dr. Germano Pimenta (Casa Pedroso) lado esquerdo > Rua Nossa Sra. de Fátima (Dux) > Avenida Comendador Silva Araújo até á Estrada Nacional 105 > Virar á esquerda > > Stand de automóveis > Motocar > Clinica Osteopatia > Residencial Zé da Rampa.','https://www.google.com/maps/d/viewer?mid=1PqG1HSFd8BGdaqR5POlqi326Qnn6n7Q&ll=41.363707017963385%2C-8.399637500000017&z=17','2023-11-25 22:12:58'),('638365472437516585','A.17','Intermachê - Aves',1,'Iniciar na Rua dos Combatentes (direção Largo da Tojela) > Descer na Avenida Comendador Silva Araújo > virar á esquerda na Rua Nossa Senhora de Fátima (Crossfit) > virar á esquerda na Rua José Moreira de Araújo (direção prédios Jardins de São Miguel) > Virar á esquerda na Rua José Narciso Machado Guimarães > Terminar no Intermarché.','https://google.com/maps/d/viewer?mid=1o9Nodcq9mQmsEdiMHEUZeeE-yx6RUzo&ll=41.365243024731015%2C-8.401524499999992&z=17','2023-11-25 22:14:03'),('638365472673352452','A.18','Escola Quintão 1',0,'Iniciar na Rua Combatentes > Rua José Narciso Machado Guimarães > Rua Agra > Rua Quintão > Largo Conde São Bento > Rua S. Miguel.','https://www.google.com/maps/d/viewer?mid=1Uvbiiz4Z2BmeMcM8g5GBfauLjBRu5ZE&ll=41.368008543585326%2C-8.402799000000009&z=17','2023-11-25 22:14:27'),('638365472854703691','A.19','Estádio - Aves',1,'Iniciar na Rua da Visitação a partir da escola do Bom Nome (direção  CASFIL lado direito) > Virar à direita para a Rua Cruzeiro do Romão > Seguir em frente na Rua Luís Gonzaga Mendes Carvalho > Virar à direita na Rua Prof. Mário Figueiredo >  Rua Longal até ponto de partida ( Rua da Visitação).','https://www.google.com/maps/d/viewer?mid=15DXY1kZD4M4MkKqH-EP6tEkq4iCA2LU&ll=41.36694851559365%2C-8.412525000000006&z=17','2023-11-25 22:14:45'),('638365473042652277','A.21','Pingo Doce - Aves',1,'Iniciar na Rua Visitação >Rua São Miguel > Rua Padre Joaquim Carlos Lemos > Rua Paredes > Rua Santa Clara > Rua Prof. Mário Figueiredo > Rua Longal.','https://www.google.com/maps/d/viewer?mid=1pHaP6-r2CHTFzq6fRXPI8-IV9oYa3Bk&ll=41.369226623302346%2C-8.407710499999993&z=16','2023-11-25 22:15:04'),('638365473196681792','A.22','Termolan',1,'Iniciar  na Rua de Paredes (direção Amieiro Galego) > lado direito  > Rua Freixieiro○ >  Rua Padre Joaquim Carlos Lemos (o lado esquerdo) >  Rua Bernardino Gomes Ferreira >  Rua Fonte Má (oposta ao restaurante Estrela do Monte) > Rua Parque Industrial da Barca.','https://www.google.com/maps/d/viewer?mid=1ALlvNusqZH5xGtaldIIRe6mqGdVSFJ8&ll=41.378607262016956%2C-8.403296500000005&z=15','2023-11-25 22:15:19'),('638365473416779176','A.23','Igreja - Aves',2,'Iniciar no Largo Conde São Bento (Igreja) > sempre do lado direito  >Rua Padre Joaquim Carlos Lemos >Rua Bernardino Gomes Ferreira > Subir Rua Alto do Sobrado > Rua do Sobrado > Rua António Abreu Machado.','https://www.google.com/maps/d/viewer?mid=15F2HCY8CtGL51IAd1sCqEvkdJiG2yXM&ll=41.37560433555515%2C-8.399914499999994&z=15','2023-11-25 22:15:41'),('638365473658174389','A.24 ','Alto da Bandeira',0,'Iniciar na Rua Quintão (lado esquerdo) >  Rua Santo André > Rua do Sobrado > virar à esquerda na Rua das Alminhas > Rua Alto do Sobrado > Rua António Abreu Machado > Largo Conde São Bento.','https://www.google.com/maps/d/viewer?mid=1V0N58GW-QcuCP0jjhFVGwCm8CRXwdIY&ll=41.37205554351836%2C-8.400683999999993&z=17','2023-11-25 22:16:05'),('638365473863115703','A.25 ','Ringe',0,'Iniciar pela Rua da Agra (lado direito) > Rua Dom Américo-Bispo Lamego > Rua Santo André > No entroncamento virar á direita em direção à Rua Campo Grande > terminar na Rua de Ringe. \r\n(incluir os interiores do território).','https://www.google.com/maps/d/viewer?mid=18IBbP8VuvYS26FiDf928-gYan_V47bc&ll=41.369266527264%2C-8.39989899999999&z=17','2023-11-25 22:16:26'),('638365474006186534','A.26','GNR',1,'Iniciar lado direito da Rua da Agra > virar á direita na Rua de Ringe > Rua Campo Grande > Rua Santo André > Rua do Sobrado > virar á direita na Rua Manuel Moreira Garcia > Travessa Manuel Moreira Garcia > Rua Capitão Salgueiro Maia > Virar á direita na Rua Luvazim.','https://www.google.com/maps/d/viewer?mid=1XTN49-EoRawdgW3SjImi-DUIJ_XYYN8&ll=41.37119113262366%2C-8.39661350000001&z=16','2023-11-25 22:16:40'),('638365474214891841','A.27','Luvazim - Aves',1,'Iniciar na Rua José Moreira de Araújo (prédios Jardins de São Miguel) > Descer em direção à Estrada Nacional 105 > Virar à esquerda na Rua das Carvalheiras (rotunda fica do  lado esquerdo) > Seguir em frente até à Rua de Luvazim > Virar á esquerda e terminar nos prédios Jardins de São Miguel.\r\n','https://www.google.com/maps/d/viewer?mid=160bdk7M1ioO9xafRZ5TRMRousuGzUMo&ll=41.36588154476117%2C-8.397019499999988&z=17','2023-11-25 22:17:01'),('638365474428039574','A.28','Luvazim - Lordelo',0,'Iniciar na Rua de Luvazim junto a rotunda  (lado oposto ao Bastês) >  Seguir em frente passando pela:  Capela da Senhora da Seca > Largo da Aldeia > Armazém de tecidos Coelho >  Café da Mintideira. Virar á esquerda na Rua das Carvalheiras até a Estrada Nacional 105 > Virar á esquerda passando pela: antiga Fibrolite > antigo Cabeça de Porco >  termina na rotunda na Rua de Luvazim.','https://www.google.com/maps/d/viewer?mid=1vsO7lNppghbFXYfJiGGLgl_AE8hBH0Q&ll=41.365970615671685%2C-8.393061522411752&z=17','2023-11-25 22:17:22'),('638365474588340172','A.29','Mide',1,'Iniciar na estação da Giesteira > Rua Giesteira subindo em direção á Estrada Nacional 105 > trabalhar apenas o lado direito  até á VIM > Rio Vizela','https://www.google.com/maps/d/viewer?mid=1eiXwWCoM7J25eER-hTyQlOfkNf1DMFo&ll=41.36694466526881%2C-8.376027999999994&z=15','2023-11-25 22:17:38'),('638365474826737866','A.30','Escola - Carreiro',1,'Iniciar no lado esquerdo do Largo São Tiago > virar à esquerda na N105 > novamente à esquerda na Rua do Carreiro > Rua de Gainde  > Rua Sobrado > virar à esquerda na Rua Manuel Moreira Garcia > Travessa Manuel Moreira Garcia > Rua Capitão Salgueiro Maia > virar à esquerda na Rua Luvazim.','https://www.google.com/maps/d/edit?mid=1u65zJ4f1mACQz_lHL4g2FuFgfs2yCjc&ll=41.36965312483825%2C-8.393689000000002&z=14','2023-11-25 22:18:02'),('638365475036117764','A.31','Monte de Cima',2,' Rua Sobrado (lado direito) > Rua dos Combatentes do Ultramar > Rua São Tiago > Virar à direita na Rua Primeiro de Maio > Rua do Caminho Largo > Rua São Bento > Rua de Gainde.','https://www.google.com/maps/d/viewer?mid=1_i2S8dfvxheQASX89jIydkOS_XjI5JE&ll=41.369657680900715%2C-8.393689000000002&z=14','2023-11-25 22:18:23'),('638365475182499175','A.32','Monte de Baixo',1,'Iniciar na Rua São Bento (lado direito) > Rua do Caminho Largo > Virar à direita na Rua Primeiro de Maio > novamente à direita na Rua da Renda > Rua da Largateira > Av. Prof. Luís Machado > Rua de Gainde.','https://www.google.com/maps/d/viewer?mid=1A6F7CH1FZnyHVTSTep9gs2Ah-wGgZds&ll=41.37460105851177%2C-8.384972000000017&z=16','2023-11-25 22:18:38'),('638365475379177390','A.33','Igreja - Lordelo',1,'Iniciar na Rua do Carreiro (lado esquerdo) > Virar à esquerda na N105 > Na rotunda, sair na 2a saída em direção à Av. Prof. Luís Machado > Continuar pela Av. Prof. Luís Machado até à Rua do Carreiro.','https://www.google.com/maps/d/viewer?mid=1RVvhRdmfUVrNmtJxxf7VHC6QTpZDjbw&ll=41.37050556001859%2C-8.382708499999984&z=16','2023-11-25 22:18:57'),('638365475557756570','A.34','Lagarteira',1,'Iniciar na Rua Primeiro de Maio (na rotunda) > sempre do lado esquerdo > Rua da Renda > Rua da Largateira > Rua da Mocha > Rua da Seara  > Avenida Prof. Luís Machado > ponto de partida na Rotunda.','https://www.google.com/maps/d/viewer?mid=1hJY7_RY6rw4fRhlh7FG4F_E5CuNW16s&ll=41.374010525868236%2C-8.382259000000003&z=17','2023-11-25 22:19:15'),('638365475729129800','A.35','Resinorte',2,'Iniciar na Rua Nossa Senhora da Conceição (na Resinorte) > sempre do lado esquerdo > Rua 1°de Maio > Rua de Enxudres (até junto da VIM).','https://www.google.com/maps/d/viewer?mid=1bWk_ekEk6kb2J6N6LdErxCKp_11K8Qs&ll=41.378171105244135%2C-8.378038499999997&z=16','2023-11-25 22:19:32'),('638365475946232935','A.36','Cemitério - Lordelo',2,'Inicio na Rua de Enxudres (junto á VIM e perto do restaurante Retiro das oliveiras) > trabalhar o território lado esquerdo > Rua 1°Maio  > Avenida Professor Luís Machado > Rua da Chamusca > Rua Cônsul Aristides de Sousa Mendes incluindo a Travessa da Chamusca (vai dar à nacional 105) > Voltar para trás e terminar na Travessa do Paço.','https://www.google.com/maps/d/viewer?mid=1G4r7o1IuEBHvJYdWKVU-VOVStPQBiCE&ll=41.37392059602529%2C-8.37657500000001&z=16','2023-11-25 22:19:54'),('638365476139967062','A.37','Estação - Lordelo',1,'Iniciar na Nacional 105 (junto ao Café Carmo) >  Rua Portela á direita >  continuar lado direito até á Rua da Ponte > VIM > Nacional 105.','https://www.google.com/maps/d/viewer?mid=1RfsirAL7iD3zE6w75XqW0-ayrjZuBrg&ll=41.36967160354167%2C-8.366781000000003&z=14','2023-11-25 22:20:13'),('638365476310271640','A.38','Ponte de Negrelos ',0,'Iniciar na Bomba de combustível BP, na Nacional 105 >  sempre do lado direito até à Rua Paredes Alagadas > Rua Ponte > Rio Vizela > Rua da Ponte > Rua Portela > Nacional 105.','https://www.google.com/maps/d/viewer?mid=1ol975E5T4dvmxdXFwBdZrYw7ueOKsi0&ll=41.369344647942825%2C-8.359405500000003&z=16','2023-11-25 22:20:31'),('638365477636303483','C.01','Giestal de Cima',2,'Iniciar na Rua Padre António Brandão (lado esquerdo) > direção Calçada Joaquim Monteiro > Rua das Pombinhas > Rua Lamarão > Rua Comendador Alberto Pimenta Machado > Calçada da Tapada > Rua Eirô > Rua Brandões > Rua Valconeira > Rua Visc. de Negrelos > Avenida Igreja > Avenida S. Tomé > Largo dos Escuteiros > Rua Sás Brandões > Rua Sequeiros > Rua Pedreçal.','https://www.google.com/maps/d/viewer?mid=1Q6LGOLMCyUwmYica1IixKFqEZWlTQRI&ll=41.34859458269656%2C-8.409959500000006&z=15','2023-11-25 22:22:43'),('638365477863790048','C.02','Escola - São Tomé',2,'Iniciar na Rua Prof. Henrique Pinheiro > Largo das Alminhas > Rua Pedreçal > Rua Sequeiros > Rua Sás Brandões > Largo dos Escuteiros > Av. São Tomé > Av. Igreja > Rua Tribunal > Rua José Maria Sousa Monteiro > Rua Outeiro > Rua Hermínio Ferreira Monteiro > Rua Sousas  > N209-2 > Rua Padre Luis Gonzaga Martins Pinheiro > Rua José Maria Coelho Cardoso > Rua Rainha Dona Maria II  >Av. Ponte (Sempre do lado esquerdo).\r\n','','2023-11-25 22:23:06'),('638365477993373737','C.03','Giovani',2,'Iniciar a partir de Café Giovani sempre do lado esquerdo > Avenida 27 de Maio (confeções Reguentex) > Travessa Curvaceira > Rua S. Bento  > Avenida Industria Têxtil  (Antoni Pneus) > Rotunda > Rua Rainha D. Maria II > Rua Flores > Rua José Maria Coelho Cardoso > Rua Padre Luís Gonzaga Martins Pinheiro >  Rua Manuel Coelho Cardoso > Rua Caminho Agrícola de Soutelo > Rua Aldeia Nova > Rua Alberto Pimentel > Rua Santo António (café Santo António) > Rua Joaquim Pimenta Machado > Rua de Alberto Pimentel > Rua da Condessa Mumadona até ponto de partida.','','2023-11-25 22:23:19'),('638365478124347663','C.04','Macavio ',0,'Iniciar na Avenida Espinho sempre do lado direito > Apanha a Rua Cruzeiro e Travessa Cruzeiro (só do lado da Capela de nossa senhora do Espinho e da Tasquinha do João) > Rua 1º de Maio > Travessa 1º de Maio > continua Avenida Espinho lado direito (Siena) > Rua da Ponte > Rua dos Moleiros > Avenida 27 de Maio > Travessa Moinho do Pisco > Travessa Rio Vizela > continuar Avenida 27 de Maio até chegar ao Autoni (fora do território) - Virar a direita para Avenida Industria Têxtil > apanha Rua Curvaceira e Rua Engenho de Linho > termina na ponte rio Vizela.','','2023-11-25 22:23:32'),('638365478297599727','C.05','Alto do Monte',2,'Iniciar no cruzamento da Rua da Devesa com a Rua Presa de Guindes em direção a essa mesma rua > Estrada da Bóca > R. Boca > Rua Alto do Monte > Rua 25 Abril > Rua Mourigo > Até ao ponto de partida na Rua da Devesa.','','2023-11-25 22:23:49'),('638365478459522871','C.06','Moveis Torres',2,'Iniciar na Avenida Espinho sempre do lado esquerdo (a partir da subida Rua de Chãos) > Rua 27 de Maio até Giovani (passa pelas cozinhas Tors) > Rua Condessa Mumadona > Rua de Joaquim Pimenta Machado (café António fora do territorio) > Rua Santo Antonio > Rua Miguel Angelo > Rua Portela > Rua Serrinha > Rua de Chãos (desce até ponto de partida).\r\n','','2023-11-25 22:24:05'),('638365478786211645','C.07','Escola Básica S. António',1,'Iniciar na N209-2 (lado do pão quente \"algo doce\" > Rua Sousas > Rua Hermínio Ferreira Monteiro > Rua Outeiro > Rua José Maria de Sousa Monteiro > Rua Alferes Fernando Da Costa Fernandes > Rua de Cucuvelos > Rua Monsenhor Manuel Moreira Neto > Rua Barroco > Rua Manuel Gil dos Reis Ferreira.','','2023-11-25 22:24:38'),('638365478985474855','C.08','Igreja - S. Tomé',2,'Iniciar pela Rua do Tribunal (lado direito) > Rua de Alferes Fernando Da Costa Fernandes > Rua de Cucuvelos > Rua Monsenhor Manuel Moreira Neto > Virar à direita para a Rua Notários > Subir a Rua da Devesa > Rua Visc. Vilarinho de S. Romão > Virar na Av. Mourinha > Rua Patrício Alves até ponto de partida.','','2023-11-25 22:24:58'),('638365479906519535','C.09','Assoerão',2,'Iniciar na Rua Central (lado esquerdo) > Rua Boavista > Virar à esquerda na Rua Leirinhas > Rua S. João > Avenida Mourinha > Rua Cangais > Rua Patrício Alves Carneiro > Avenida Igreja > Rua Visc. de Negrelos > Rua Valcorneira > Rua Brandões > Rua Eirô > Calçada Tapada até ponto de partida na Rua Central.','','2023-11-25 22:26:30'),('638365480057270354','C.10 ','Brunex',2,'Iniciar na Av. Coutada (lado da Farmácia de Roriz) > Rua Aldeia Nova (Drogaria João Batista) > Rua Constantino Magno > Rua Camilo Castelo Branco > Rua Agra do Ginjo > Rua Boavista > Rua Leirinhas > Rua S. João > Rua Visc. Vilarinho de S. Romão > Rua do Ginjo > Rua Devesa > Rua Notários > Rua Barroco > Rua Manuel Gil Dos Reis Ferreira > N209-2 até ponto de partida na Av. Coutada.','','2023-11-25 22:26:45'),('638365480181143969','C.11','Coutada ',2,'Iniciar na Rua Aldeia Nova (lado esquerdo) -> Rua Constangino Magno-> Rua Camilo Castelo Branco-> Rua Agra Ginjo-> Rua Boavista-> Rua Bela Vista -> virar à esquerda para a Rua 25 de Abril-> Rua Coutada','','2023-11-25 22:26:58'),('638365480313028766','C.12','Pedreira',1,'Iniciar na Rua das Carvalheiras (junto à Agrororiz) > trabalhar a Rua de Souto > Rua Agrelas até ultima casa (lado direito).\r\nVoltar à Rua das Carvalheiras > Direcção Rua de Cartomil (Pedreira) - sempre do lado esquerdo > Rua Bela Vista > Rua Boavista > Rua Presa Velha > Travessa Fojo > Rua Moinhos de Fojo > Estrada municipal 1115 até a Pedreira.','https://www.google.com/maps/d/viewer?mid=1cfCZirIlsSB--IzPcoxdFkqVqS8kuJ8&ll=41.33606269365997%2C-8.395050500000004&z=15','2023-11-25 22:27:11'),('638365480549501017','C.13','Samoça - Cima',2,'Iniciar na Rua Agrelas > Rua Souto > virar à direita na Rua Carvalheiras > RUa Rego > Rua Mouros > Rua D. Afonso Henriques > Vira à direita na N209 até à placa Codessos','','2023-11-25 22:27:34'),('638365480757136464','C.14','Fontão - Baixo',1,'','','2023-11-25 22:27:55'),('638365481066112974','C.15','Quinta d´Além',1,'','','2023-11-25 22:28:26'),('638365481325025488','C.16','Avenida - S. Martinho',2,'Iniciar junto á Capela da Santissima Trindade no cruzamento da Av. Manuel Dias Machado com a Rua da Trindade em direção à Escola de Condução Campense (sempre do lado esquerdo) > Rua Trindade > Rua Ribeiro dos Anos > Rua Sandim > Rua Calvário > Rua Mosteiro de Roriz > Rua Mosteiro Santa Escolástica > Rua Audiência > Rua Mosteiro de Singeverga > Rua Santa Maria de Negrelos > Rua José Narciso Martins da Costa -> até ao ponto de partida.','','2023-11-25 22:28:52'),('638365484454609220','C.17','Café Central',2,'Iniciar na Rua Sandim (lado esquerdo) > Rua Dr. Artur Guimarães > Rua Portela > Estrada Nacional 209-2.','','2023-11-25 22:34:05'),('638365484582165856','C.18','Agrêlo',2,'Iniciar na Rua Escola Secundaria (escola fica do lado oposto) > sempre do lado esquerdo > Virar à esquerda na Rua Agrelo (Confeções Sandor) > Subir Rua Caiadeira > Virar à esquerda na Travessa Aldeia do Monte > novamente à esquerda na rua Aldeia do Monte > Rua Bocas > Rua Ribeiro dos Asnos > Rua Trindade até ponto de partida (Rua Escola Secundaria).','','2023-11-25 22:34:18'),('638365484902131794','C.19','Mundicorte',1,'Iniciar na Avenida Comendador Abílio Ferreira de Oliveira (junto ao café Rompante) direção Mundicorte > sempre do lado direito > Virar à direita na Rua Escola Secundaria > Rua Agrelo > Rua Caiadeiras > Travessa Aldeia do Monte > Rua Aldeia do Monte > Ponto de partida.','','2023-11-25 22:34:50'),('638365485060195934','C.20','Flor de Vau',1,'Iniciar na Avenida Espinho (junto á Capela de Nossa Senhora do Espinho) > sempre do lado esquerdo em direção a São Martinho > Avenida Comendador Abílio Ferreira de Oliveira > Rua João Evangelista Faria e Almeida até à VIM. \r\nEste território faz fronteira com o Rio Vizela. Trabalhar todo o seu interior.','','2023-11-25 22:35:06'),('638365485326793608','C.21','Estádio - S. Martinho ',0,'Iniciar a partir da Rua Escola Secundária lado esquerdo > Travessa da Escola Secundaria > Rua Padre Alberto Lameira Matos >  Rua Trindade > Avenida 25 de Abril > Rua Júlio Maria Martins Da Costa > Rua Vau > Rua Manuel de Sousa Oliveira > Rua João Evangelista Faria & Almeida > Estadio > Avenida Manuel Dias Machado > Avenida Comendador Abílio Ferreira de Oliveira > Termina no ponto de partida na Rua Escola Secundária.\r\n','','2023-11-25 22:35:32'),('638365485499837988','C.22','Flor do Campo ',2,'Iniciar na Rua da Flor do Campo > sempre do lado esquerdo até á Ponte de Negrelos.\r\nEste território faz fronteira com o Rio Vizela e a VIM. Trabalhar todo o seu interior. \r\n ','','2023-11-25 22:35:49'),('638365485675276677','C.23','Quelha ',0,'Iniciar a partir da Igreja/cemitério na Rua Quelha, sempre do lado direito > Rua Vista Alegre > Rua Fernando Pinheiro da Rocha em direção escola/apartamentos Salvador > Travessa Agras > continuar até ponto partida > Rua Paderne só lado direito em direção aos apartamentos Medicampo > Rua Manuel de Sousa Oliveira sempre do lado direito > incluir casas da Rua entre Estradas > Território acaba na ponte VIM. ','','2023-11-25 22:36:07'),('638365485804363949','C.24','Felpinter',1,'Iniciar na Rua Manuel de Sousa Oliveira > direção VIM >  sempre do lado esquerdo > Rua Júlio Maria Martins da Costa >  Avenida 25 de Abril > Avenida Manuel Dias Machado > Rua José Narciso Martins da Costa > Rua Cedofeita > Rua José Narciso Martins da Costa > Até ao ponto de partida na Rua Manuel de Sousa Oliveira.','','2023-11-25 22:36:20'),('638365485995273722','C.25','Quinta de Marecos',2,'Iniciar em frente dos Prédios da Medicampo na Rua Manuel de Sousa Oliveira > Direção Rua de Paderne > sempre do lado direito > Rua Vista Alegre > Rua Quelha > Travessa Quelha > Rua Marecos > Rua Sub Lamas > Rua Devesa > Rua Aldares > Rua A da Sobreira > Rua A das Portelas > Rua Agra de Moinhos > Rua Ribeiro de Pousada > Rua Cedofeita > Rua José Narciso Martins da Costa até ao ponto de partida.','','2023-11-25 22:36:39'),('638365486126209831','C.26','Somani',0,'Iniciar na Rua de Borreiros > do lado direito > Continuar em direção à Rua 25 de Abril > Rua Devesa > Rua Sub Lamas > trabalhar  o lado direito em direção à Rua travessa da Quelha > Rua Fonte > Rua Outeiro > Rua Cubículo >  entrar na Vim em direção à Rua de Borreiro.','','2023-11-25 22:36:52'),('638365486606399032','C.27','Carvalhal',2,'Iniciar no cruzamento da VIM com a Rua Borreiros > direção  S. Salvador > Rua 25 de Abril > Rua Alto do Monte > Rua Boca > Estrada da Bóca > Rua Borreiros > VIM > Até ao ponto de partida.','','2023-11-25 22:37:40'),('638365486822365168','C.28','Aldeia do Monte ',2,'Iniciar na Avenida de Espinho sempre do lado esquerdo (a partir da capela que está do lado direito e que está fora do território) > Rua do Chãos (subida íngreme e praticamente sem casas) > Rua Dr. Artur Guimarães > Rua Sandim > Rua Bocas > Rua Aldeia do Monte > Avenida de Espinho até ponto de partida.\r\n','','2023-11-25 22:38:02'),('638365487008319978','C.29','Devesa',1,'Iniciar no cruzamento da Rua de Santo Isidro com a Travessa 1 da Rua de Santo Isidro > sempre do lado direito > direção Franbel > Rua de Santo Isidro > Rua da Devesa > Rua Presa de Guindes > Rua Sra da Saúde > Travessa da Rua da Saúde 1 > Travessa 1 da Rua de Santo Isidro até ao ponto de partida.','','2023-11-25 22:38:20'),('638365487180499945','C.30','Torrugelo ',2,'Iniciar junto ao Café Nova Geraçao na Rua Presa de Guindes > Trabalhar lado esquerdo > Rua Presa de Guindes > Rua Sra da Saúde > Travessa da Rua da Saúde 1 > Travessa 1 da Rua Santo Isidro > Rua Santo Isidro >  Rua Cortinha > Rua Eira > Rua Torrugêlo > Rua Bougado até ao fim da rua.','','2023-11-25 22:38:38'),('638365487317792716','C.31','Sobreira',1,'Iniciar no cruzamento da Rua da Devesa com a Rua de S. Bento > Trabalhar o lado direito da Rua de S. Bento > Rua Santo Isidro > Rua Cortinha > Rua da Eira > Rua Fundo de Vila > Rua B da Sobreira > Rua A da Sobreira até ao ponto de partida.','','2023-11-25 22:38:51'),('638365487427379983','C.32','Olival',1,'Iniciar Escola básica do Olival (sempre do lado esquerdo) > Rua Quinta do Olival (apartamentos sociais) > Rua Torrugêlo > Rua Fundo de Vila (restaurante arranjadinho - fora do território) > Rua B.da Sobreira  > Rua A. da Sobreira (Café Brasil - fora do Território)> Rua Codeçosa (não tem casas) > Rua A.das Portelas > Rua B.das Portelas > Rua Lindinha Lucas (dois lados) > Rua  Eira Nova > Rua Mogos (dois lados) > Cemitério S. Mamede de Negrelos > Rua Padre António Pinheiro da Rocha > Rua Bacelo até ponto de partida Escola do Olival.','','2023-11-25 22:39:02'),('638365487615461484','C.33','JMA - S. Martinho ',1,'Iniciar a partir da drogaria Pousada sempre do lado esquerdo > Rua José Narciso Martins Da Costa > Calçada Escorregadoura > Rua Sanguinha > Travessa Sanguinha > Rua Outeiro (Adega Regional Toquinha da Grila) > Travessa Outeiro > Rua Santa Maria de Negrelos (JMA) > Rua da Junqueira > Av, Quintais > Rua Capela > Tv. Guilhabem > Rua Valverde > Travessa Rua de Valverde > Rua Casa Nova > Rua Velhos > Rua A das Portelas > Rua Agra de Moinhos > Rua da Agra (Café Veneza) > Rua Ribeiro de Pousada (Azurreve) até ponto de partida Drogaria Pousada.','','2023-11-25 22:39:21'),('638365487871160876','C.34','Campo de Futebol - S. Martinho ',2,'Iniciar junto á Igreja de S. Mamede (Estacionamento) > sempre do lado esquerdo (Igreja de S. Mamede fora do território) > Rua Eira Nova > Rua B das Portelas > Rua Casa Nova > Rua Valverde > Rua Capela > Rua Várzea > Voltando ao ponto de partida.','','2023-11-25 22:39:47'),('638365489149196637','C.35','Samoça - Baixo',2,'Iniciar na Avenida de Quintães em frente ao Restaurante Uiscas > sempre do lado esquerdo >  direção  Rua Santa Maria de Negrelos > Rua Samoça > Travessa 2 das Rua da Boavista > Rua Fontelas > Rua Quinta de Samoça > Até ao ponto de partida.','','2023-11-25 22:41:54'),('638365489355436230','C.36','Igreja - S. Mamede',2,'Iniciar na Rua da Devesa junto ao Limite de Freguesia S. Mamede/Codessos > direção Igreja de S. Mamede  > sempre do lado esquerdo > Rua Devesa > Rua Padre António Pinheiro da Rocha > Rua Várzea > Avenida Quintães > Rua Quinta de Samoça > Rua Fontelas > Travessa 2 da Rua da Boavista > Virar á Direita em direção à N209 > N209 até à Placa da Freguesia de Codessos.','','2023-11-25 22:42:15'),('638365489535517014','C.37','Bacelô',2,'Iniciar junto ao Reservatório de Água de S. Mamede > sempre do lado direito > Reservatório de Água de S. Mamede > Rua da Devesa > Rua Padre António Pinheiro da Rocha > Rua Bacêlo > Rua Qta Olival -> Rua Bougado > Até ao fim da Rua.','','2023-11-25 22:42:33'),('638365489733996052','C.38','Mosteiro de Singeverga',2,'Iniciar o território perto da JMA no cruzamento da Rua Santa Maria de Negrelos com a Rua Mosteiro de Singeverga > direção Igreja de São Pedro de Roriz > sempre do lado esquerdo > Rua Mosteiro de Singeverga > Rua Audiência > Rua Mosteiro Santa Escolástica > Rua Mosteiro de Roriz > Rua Ribeiro > Rua Santa Maria de Negrelos > Até ao ponto de partida.','','2023-11-25 22:42:53'),('638365489989790422','C.39','Fontão - Cima',2,'Iniciar na Rua António Maria Gomes, lado direito > N-209 > entrar na Rua D. Afonso Henriques > Rua Mouros > Rua Rego','','2023-11-25 22:43:18'),('638365490203327759','L.01','Dux',1,'Inicie na Rua Senhor do Padrão (cruzamento acesso Santo Tirso/Caldas da Saúde) > Rua Dr Francisco Brandão > Rua Dr. Eduardo Lima Carneiro > Rua St António > Rua Eng. Fernando Silva Coelho > Rua da Boavista > Rua Senhor dos Passos >  Rua do Pinheiro Torto >  Rua Joaquim Vieira > Rua do Lagueiro até ao ponto inicial.','https://www.google.com/maps/d/u/1/viewer?mid=1iFJDIPTnAGLVfuc1rv_vro_sUKBxhYM&ll=41.369922738911036%2C-8.462230000000005&z=17','2023-11-25 22:43:40'),('638365490506798433','L.02','Cemitério - Sequeirô',1,'Inicie Sequeirô sempre do lado direito > Rua das duas igrejas (direção Santo Tirso) > Rua Manuel Nunes Faria > Rua Dr. Eduardo Lima Carneiro > Rua Dr. Francisco Brandão > Rua Sr. Do Padrão > Rua Gomariz  > Rua Rosal > Rua Manuel da Silva Reis > Rua Professor Amaury Amaro >  Rua das duas igrejas até ao ponto inicial.','https://www.google.com/maps/d/u/1/viewer?mid=1QArvQo4R3lFlPqgWbZcDWOEWzJXTdic&ll=41.367798703228495%2C-8.456175000000012&z=17','2023-11-25 22:44:10'),('638365490689159359','L.03','Landim - Fojo',1,'','','2023-11-25 22:44:28'),('638365490836416314','L.04','Pinoco',1,'','','2023-11-25 22:44:43'),('638365491033085839','L.05','INA - Hidrofer',1,'','','2023-11-25 22:45:03'),('638365491263969018','L.06','Cemitério - Areias',1,'','','2023-11-25 22:45:26'),('638365491495369317','L.07','Igreja - Areias',1,'','','2023-11-25 22:45:49'),('638365494356278687','L.08','Igreja - Lama',1,'','','2023-11-25 22:50:35'),('638365494523729566','L.09','Igreja - Velha',1,'','','2023-11-25 22:50:52'),('638365495240757003','L.10','Caniços',1,'','','2023-11-25 22:52:04'),('638365495366649825','L.11','Bairro',1,'','','2023-11-25 22:52:16'),('638365495536750438','L.12','Bairro - Centro ',1,'','','2023-11-25 22:52:33'),('638365495735114953','L.13','Avidos - Igreja ',1,'','','2023-11-25 22:52:53'),('638365495868251994','L.14','Avidos ',1,'','','2023-11-25 22:53:06'),('638365496103560291','L.15','Praia Urbana - Santo Tirso',1,'','','2023-11-25 22:53:30'),('638365496378885584','S.01','Rabada',1,'','','2023-11-25 22:53:57'),('638365496577284486','S.02','Citast',1,'','','2023-11-25 22:54:17'),('638365496868685480','S.03','Rio Vizela',1,'','','2023-11-25 22:54:46'),('638365497099869126','S.04','Pedreçal',1,'','','2023-11-25 22:55:09'),('638365497447563389','S.05','Intraplás',1,'','','2023-11-25 22:55:44'),('638365497646324277','S.06','Fábrica Adalberto',1,'','','2023-11-25 22:56:04'),('638365497759328373','S.07','Cancelo',1,'','','2023-11-25 22:56:15'),('638365498056582988','S.08','Igreja - Rebordões',1,'','','2023-11-25 22:56:45'),('638365498271894753','S.09','Cá Te Espero ',1,'','','2023-11-25 22:57:07'),('638365498390665037','S.10','Ramada ',1,'','','2023-11-25 22:57:19'),('638365498658255289','S.11','Quinta da Ferreirinha ',1,'','','2023-11-25 22:57:45'),('638365498803290587','S.12','Enfermaria ',1,'','','2023-11-25 22:58:00'),('638365499008784884','S.13','Lar - Burgães ',1,'','','2023-11-25 22:58:20'),('638365499265896566','S.14','Cemitério - Burgães',1,'','','2023-11-25 22:58:46'),('638365499622746867','S.15','S. João de Carvalhinho',1,'','','2023-11-25 22:59:22'),('638365499889989372','S.16','Campo de Futebol - Rebordões',1,'','','2023-11-25 22:59:48'),('638365500039188137','S.17','Quinta de Quintão',1,'','','2023-11-25 23:00:03'),('638365500213938725','S.18','Pombinhas - Baixo',1,'','','2023-11-25 23:00:21'),('638365500399451452','S.19','Pombinhas - Cima ',1,'','','2023-11-25 23:00:39'),('638365500638507890','S.20','Capela Santa Cruz',1,'','','2023-11-25 23:01:03'),('638365500771256335','S.21','Assunção',1,'','','2023-11-25 23:01:17'),('638365501096029669','S.22','Campo de Futebol - Monte Córdova',1,'','','2023-11-25 23:01:49'),('638365501270959264','S.23','Espinheiros',1,'','','2023-11-25 23:02:07'),('638365501448079610','S.24','Cozinha d´Avó',1,'','','2023-11-25 23:02:24'),('638365501649665856','S.25','Cabanas - Baixo',1,'','','2023-11-25 23:02:44'),('638365501896797730','S.26','Monte Córdova - Fojo',1,'','','2023-11-25 23:03:09'),('638365502049811935','S.27','Santa Luzia',1,'','','2023-11-25 23:03:24'),('638365502208593744','S.28','Nascente do Leça',1,'','','2023-11-25 23:03:40'),('638365502345489012','S.29','Redundo',1,'','','2023-11-25 23:03:54');
/*!40000 ALTER TABLE `t_territorios` ENABLE KEYS */;
UNLOCK TABLES;

--
-- Dumping routines for database 'sys_jw'
--
/*!40103 SET TIME_ZONE=@OLD_TIME_ZONE */;

/*!40101 SET SQL_MODE=@OLD_SQL_MODE */;
/*!40014 SET FOREIGN_KEY_CHECKS=@OLD_FOREIGN_KEY_CHECKS */;
/*!40014 SET UNIQUE_CHECKS=@OLD_UNIQUE_CHECKS */;
/*!40101 SET CHARACTER_SET_CLIENT=@OLD_CHARACTER_SET_CLIENT */;
/*!40101 SET CHARACTER_SET_RESULTS=@OLD_CHARACTER_SET_RESULTS */;
/*!40101 SET COLLATION_CONNECTION=@OLD_COLLATION_CONNECTION */;
/*!40111 SET SQL_NOTES=@OLD_SQL_NOTES */;

-- Dump completed on 2024-12-31 10:51:57
